ti:435996458,7,933,ref|NC_072407.1|,18784321,18783388,1,11,98.718,924,936,933,0.0
ti:437133372,51,755,ref|NC_072408.1|,12289994,12290697,0,1,99.858,704,705,755,0.0
ti:437118225,57,905,ref|NC_072407.1|,96782969,96783828,1,11,98.605,848,860,907,0.0
ti:437112023,13,806,ref|NC_072401.1|,192874889,192875680,3,2,99.370,789,794,806,0.0
ti:436612931,51,785,ref|NC_072409.1|,31260039,31260759,1,11,97.959,720,735,785,0.0
ti:434778107,58,955,ref|NC_072406.1|,19113073,19112166,2,9,98.678,896,908,955,0.0
ti:437069405,2,801,ref|NC_072413.1|,15804117,15803318,5,0,99.375,795,800,801,0.0
ti:434886620,7,720,ref|NC_072401.1|,59163652,59164362,27,2,95.798,684,714,720,0.0
ti:434872507,9,802,ref|NC_072416.1|,69457753,69456960,2,0,99.748,792,794,802,0.0
ti:435774740,1,945,ref|NC_072408.1|,34082049,34083005,2,11,98.537,943,957,945,0.0
ti:433496311,5,552,ref|NC_072398.1|,140282735,140283282,6,0,98.905,542,548,552,0.0
ti:434439032,36,761,ref|NC_072398.1|,132475130,132475866,12,11,96.612,713,738,761,0.0
ti:434434424,52,785,ref|NC_072398.1|,22802936,22803667,0,2,99.728,732,734,787,0.0
ti:434815805,8,743,ref|NC_072412.1|,8728387,8729124,18,2,97.290,718,738,743,0.0
ti:435767089,58,911,ref|NC_072408.1|,22074219,22075077,1,5,99.302,853,859,913,0.0
ti:437137647,51,734,ref|NC_072398.1|,153143070,153143752,10,3,98.102,672,685,734,0.0
ti:433977882,9,720,ref|NC_072407.1|,28507320,28506610,16,1,97.612,695,712,720,0.0
ti:435987066,47,735,ref|NC_072406.1|,37087131,37087814,46,9,92.041,636,691,735,0.0
ti:435825473,58,777,ref|NC_072401.1|,86998284,86997566,1,1,99.722,718,720,777,0.0
ti:435832768,58,927,ref|NC_072398.1|,208508682,208507804,0,9,98.976,870,879,931,0.0
ti:436635938,3,907,ref|NC_072398.1|,101222408,101221502,1,2,99.669,904,907,907,0.0
ti:436377732,14,895,ref|NC_072415.1|,59501773,59500890,2,8,98.873,877,887,895,0.0
ti:436077098,55,844,ref|NC_072405.1|,97926506,97925720,2,5,99.115,784,791,844,0.0
ti:433518162,58,867,ref|NC_072401.1|,118841666,118840853,0,4,99.509,810,814,867,0.0
ti:436613623,51,571,ref|NC_072405.1|,148080883,148080364,3,1,99.232,517,521,573,0.0
ti:435766376,5,804,ref|NC_072421.1|,5790433,5791229,3,3,99.250,794,800,804,0.0
ti:435806534,58,942,ref|NC_072408.1|,22741954,22741057,0,13,98.552,885,898,942,0.0
ti:435764935,1,729,ref|NC_072407.1|,36978397,36977676,12,2,97.123,709,730,729,0.0
ti:433970087,46,583,ref|NC_072400.1|,104075760,104075222,10,1,97.959,528,539,585,0.0
ti:437069318,9,949,ref|NC_072410.1|,112875187,112876137,4,17,96.667,928,960,953,0.0
ti:436487733,50,778,ref|NC_072408.1|,129173884,129173157,0,1,99.863,728,729,778,0.0
ti:434469441,46,723,ref|NC_072407.1|,18408843,18409512,2,6,98.525,668,678,723,0.0
ti:435839504,12,626,ref|NC_072407.1|,74500715,74500101,5,0,99.187,610,615,626,0.0
ti:434820561,52,910,ref|NC_072414.1|,43675378,43674513,0,9,98.962,858,867,910,0.0
ti:433969482,9,862,ref|NC_072400.1|,87502270,87501413,9,4,98.485,845,858,865,0.0
ti:436417358,47,755,ref|NC_072417.1|,23617038,23616329,1,1,99.718,708,710,757,0.0
ti:433979347,1,848,ref|NC_072415.1|,54366720,54365864,6,10,98.019,841,858,850,0.0
ti:435981960,58,994,ref|NC_072402.1|,77037281,77038251,3,15,96.189,934,971,1007,0.0
ti:436564178,58,965,ref|NC_072404.1|,12286400,12287323,2,13,98.052,906,924,965,0.0
ti:437103313,47,803,ref|NC_072404.1|,78315301,78316055,0,2,99.736,755,757,803,0.0
ti:434834872,58,890,ref|NC_072409.1|,32104380,32103543,2,5,99.165,831,838,892,0.0
ti:433884806,1,783,ref|NC_072409.1|,54336414,54335623,11,11,97.226,771,793,783,0.0
ti:434807687,1,907,ref|NC_072402.1|,53410816,53409898,6,10,98.041,901,919,912,0.0
ti:434771711,44,207,ref|NC_072413.1|,8308985,8308822,0,0,100.000,164,164,207,5.09e-77
ti:436077571,58,782,ref|NC_072408.1|,12313325,12312603,1,2,99.586,722,725,784,0.0
ti:436453368,14,533,ref|NC_072399.1|,87384857,87385376,2,0,99.615,518,520,535,0.0
ti:434872606,8,776,ref|NC_072408.1|,96117694,96118459,3,3,99.220,763,769,776,0.0
ti:433887791,4,891,ref|NC_072419.1|,37694624,37693713,26,15,94.518,862,912,891,0.0
ti:437118919,37,611,ref|NC_072412.1|,77444806,77444233,0,1,99.826,574,575,611,0.0
ti:435834967,51,783,ref|NC_072417.1|,45521074,45521805,0,1,99.864,732,733,783,0.0
ti:433984303,57,741,ref|NC_072401.1|,131916846,131916162,4,0,99.416,681,685,741,0.0
ti:434423439,52,923,ref|NC_072400.1|,53119270,53118392,2,7,98.976,870,879,923,0.0
ti:434461845,50,1025,ref|NC_072419.1|,32901951,32902960,6,30,96.040,970,1010,1025,0.0
ti:433969806,51,808,ref|NC_072399.1|,62133205,62132451,0,3,99.604,755,758,808,0.0
ti:434438871,46,864,ref|NC_072402.1|,103191206,103190367,6,5,96.786,813,840,866,0.0
ti:437129276,47,797,ref|NC_072401.1|,82083305,82082556,0,1,99.867,750,751,797,0.0
ti:433488596,8,382,ref|NC_072412.1|,66282106,66281732,2,0,99.467,373,375,382,0.0
ti:434871251,52,819,ref|NC_072410.1|,14292509,14291738,2,4,99.223,766,772,819,0.0
ti:433895910,52,837,ref|NC_072403.1|,126501339,126500558,2,3,99.237,780,786,838,0.0
ti:433524630,9,616,ref|NC_072400.1|,53341607,53341000,10,0,98.355,598,608,616,0.0
ti:436486133,12,850,ref|NC_072406.1|,36735761,36734900,0,22,97.332,839,862,865,0.0
ti:435826955,7,865,ref|NC_072413.1|,74718377,74717516,5,5,98.841,853,863,865,0.0
ti:433511857,47,921,ref|NC_072401.1|,100422091,100421208,4,11,98.305,870,885,921,0.0
ti:433484640,9,455,ref|NC_072405.1|,87618539,87618093,6,0,98.658,441,447,455,0.0
ti:436490842,16,865,ref|NC_072405.1|,142298972,142299824,0,3,99.648,850,853,865,0.0
ti:436380304,7,685,ref|NC_072400.1|,37309784,37309107,0,1,99.853,678,679,685,0.0
ti:433526426,1,102,ref|NC_072406.1|,11669678,11669779,13,0,87.255,89,102,108,1.24e-26
ti:434465846,47,829,ref|NC_072412.1|,85723462,85722684,0,4,99.489,779,783,834,0.0
ti:436493302,57,1001,ref|NC_072409.1|,110569153,110570113,4,15,97.919,941,961,1004,0.0
ti:436077751,7,811,ref|NC_072401.1|,86410901,86411703,2,2,99.503,801,805,811,0.0
ti:437121387,47,788,ref|NC_072411.1|,58608810,58609554,2,3,99.062,739,746,788,0.0
ti:434437816,58,965,ref|NC_072401.1|,155658703,155657788,1,7,99.017,907,916,969,0.0
ti:434474239,55,891,ref|NC_072411.1|,52001155,52001993,2,2,99.523,835,839,891,0.0
ti:437069513,1,856,ref|NC_072409.1|,115084259,115083392,2,12,98.387,854,868,877,0.0
ti:436092720,52,805,ref|NC_072403.1|,89318987,89318239,2,5,99.072,747,754,806,0.0
ti:436497596,58,939,ref|NC_072401.1|,94632917,94633811,2,12,98.324,880,895,940,0.0
ti:434857216,44,754,ref|NC_072408.1|,14884006,14883298,1,2,99.578,708,711,754,0.0
ti:437123120,13,774,ref|NC_072411.1|,16136577,16137335,2,3,99.344,757,762,774,0.0
ti:437138614,117,171,ref|NC_072406.1|,102633489,102633544,6,3,81.034,47,58,793,0.012
ti:435985018,58,947,ref|NC_072408.1|,56462767,56461862,2,14,98.013,888,906,959,0.0
ti:433885532,9,904,ref|NC_072409.1|,18666173,18665271,3,7,98.893,893,903,904,0.0
ti:436086567,58,539,ref|NC_072420.1|,23859716,23859235,1,0,99.793,481,482,539,0.0
ti:436632687,7,964,ref|NC_072398.1|,134941296,134942273,1,21,97.651,956,979,971,0.0
ti:436409281,14,806,ref|NC_072416.1|,36486947,36487742,3,3,99.246,790,796,806,0.0
ti:435826581,56,943,ref|NC_072408.1|,57543094,57542198,2,9,98.774,886,897,945,0.0
ti:436384285,9,798,ref|NC_072422.1|,7197352,7196563,0,2,99.747,789,791,798,0.0
ti:435771895,56,380,ref|NC_072403.1|,136024020,136024343,0,1,99.692,324,325,380,1.38e-160
ti:434882652,9,735,ref|NC_072399.1|,67463336,67462608,3,2,99.314,724,729,735,0.0
ti:436557556,58,694,ref|NC_072414.1|,72399164,72398528,0,0,100.000,637,637,710,0.0
ti:437083753,58,907,ref|NC_072404.1|,99298114,99298965,1,2,99.648,849,852,907,0.0
ti:433532979,1,780,ref|NC_072400.1|,84727646,84726864,4,3,99.106,776,783,780,0.0
ti:434882840,1,466,ref|NC_072412.1|,85483902,85484367,4,0,99.142,462,466,466,0.0
ti:433977036,57,785,ref|NC_072408.1|,58271953,58272677,1,4,99.314,724,729,785,0.0
ti:433513705,2,479,ref|NC_072399.1|,47772430,47772907,7,0,98.536,471,478,479,0.0
ti:436419864,1,642,ref|NC_072398.1|,76115009,76114367,6,1,98.911,636,643,642,0.0
ti:436497355,14,975,ref|NC_072421.1|,121916151,121915169,1,17,97.762,961,983,975,0.0
ti:435804590,47,829,ref|NC_072400.1|,53771779,53770998,0,3,99.617,781,784,832,0.0
ti:436640417,16,702,ref|NC_072401.1|,196122519,196121833,3,0,99.563,684,687,704,0.0
ti:436001371,8,869,ref|NW_026545534.1|,320048,319166,20,17,95.357,842,883,875,0.0
ti:436414847,55,972,ref|NC_072406.1|,144268842,144269767,2,7,98.920,916,926,978,0.0
ti:436609507,12,926,ref|NC_072404.1|,131103884,131104809,4,11,98.380,911,926,928,0.0
ti:436376094,6,716,ref|NC_072405.1|,131786770,131786066,5,6,98.453,700,711,716,0.0
ti:433886473,58,830,ref|NC_072405.1|,162643683,162644459,9,3,98.327,764,777,907,0.0
ti:433478325,58,920,ref|NC_072408.1|,57050374,57049502,3,10,98.511,860,873,920,0.0
ti:436079846,9,891,ref|NC_072405.1|,114199087,114199970,3,1,99.548,880,884,891,0.0
ti:433897359,5,845,ref|NC_072411.1|,92328395,92327561,5,6,98.692,830,841,845,0.0
ti:436489000,9,780,ref|NC_072406.1|,137565560,137564789,3,4,99.096,767,774,780,0.0
ti:435824592,8,818,ref|NC_072408.1|,60881428,60880620,3,2,99.383,806,811,819,0.0
ti:434426790,56,1004,ref|NC_072411.1|,50667887,50666917,0,20,97.734,949,971,1010,0.0
ti:435805685,51,794,ref|NC_072412.1|,59267148,59266405,0,0,100.000,744,744,794,0.0
ti:436417043,49,126,ref|NC_072401.1|,145903166,145903243,1,0,98.718,77,78,126,9.48e-30
ti:435768027,8,686,ref|NC_072407.1|,17520794,17520119,3,5,98.824,672,680,688,0.0
ti:433482727,44,531,ref|NC_072409.1|,26850813,26850326,2,0,99.590,486,488,531,0.0
ti:433894587,47,720,ref|NC_072401.1|,98991354,98990686,4,5,98.665,665,674,720,0.0
ti:434873155,48,573,ref|NC_072421.1|,7053560,7054092,0,7,98.687,526,533,573,0.0
ti:436384218,9,784,ref|NC_072401.1|,65997150,65997924,0,1,99.871,775,776,784,0.0
ti:436495868,14,733,ref|NC_072408.1|,26550718,26551438,1,1,99.723,719,721,733,0.0
ti:436604979,12,790,ref|NC_072402.1|,65530250,65531026,1,1,99.615,776,779,790,0.0
ti:436423490,46,816,ref|NC_072411.1|,52668020,52668800,3,7,98.335,768,781,816,0.0
ti:435827023,3,822,ref|NC_072408.1|,90242994,90242176,7,2,98.782,811,821,822,0.0
ti:433984623,39,464,ref|NC_072401.1|,149160244,149160676,0,7,98.383,426,433,464,0.0
ti:436501208,49,967,ref|NC_072400.1|,65181616,65182575,3,22,95.417,916,960,976,0.0
ti:436092920,63,486,ref|NC_072407.1|,76707957,76707534,1,0,99.764,423,424,486,0.0
ti:433497588,53,878,ref|NC_072403.1|,177186461,177185634,1,2,99.638,825,828,878,0.0
ti:436006413,55,663,ref|NC_072400.1|,119376860,119377468,0,0,100.000,609,609,663,0.0
ti:433504517,58,989,ref|NC_072407.1|,87439815,87438864,3,19,97.584,929,952,1015,0.0
ti:436491048,14,915,ref|NC_072402.1|,130815781,130814874,1,6,99.229,901,908,915,0.0
ti:436085053,47,814,ref|NC_072398.1|,184643221,184643986,0,2,99.740,766,768,814,0.0
ti:433473058,50,266,ref|NC_072401.1|,25829892,25830108,0,0,100.000,217,217,266,3.33e-105
ti:436501802,56,936,ref|NC_072413.1|,89310968,89310079,1,9,98.876,880,890,936,0.0
ti:434823714,6,807,ref|NC_072411.1|,81018152,81018952,4,1,99.377,797,802,807,0.0
ti:434880398,8,735,ref|NC_072417.1|,35777805,35778534,22,4,96.443,705,731,735,0.0
ti:434430966,12,860,ref|NC_072406.1|,148378656,148377809,12,1,98.469,836,849,860,0.0
ti:435997235,57,972,ref|NC_072418.1|,51973911,51972981,12,12,97.100,904,931,974,0.0
ti:434432209,1,129,ref|NC_072408.1|,38721446,38721318,11,0,91.473,118,129,129,1.27e-43
ti:434886769,1,456,ref|NC_072414.1|,54885636,54885181,5,0,98.904,451,456,456,0.0
ti:435824368,49,101,ref|NC_072421.1|,98702339,98702391,1,0,98.113,52,53,133,2.31e-16
ti:433514562,58,777,ref|NC_072413.1|,55428490,55427770,3,1,99.445,717,721,777,0.0
ti:436001219,12,704,ref|NC_072405.1|,30891907,30892599,7,0,98.990,686,693,704,0.0
ti:436007449,58,956,ref|NC_072412.1|,53672854,53671948,0,8,99.118,899,907,960,0.0
ti:437134201,13,823,ref|NC_072408.1|,47254509,47253702,3,3,99.260,805,811,823,0.0
ti:436013740,8,376,ref|NW_026546798.1|,19995,19627,0,0,100.000,369,369,376,0.0
ti:434870621,57,964,ref|NC_072399.1|,56424564,56423652,1,7,98.907,905,915,967,0.0
ti:436610443,6,673,ref|NC_072408.1|,122977054,122976388,3,1,99.401,664,668,688,0.0
ti:436604677,9,826,ref|NC_072408.1|,102016625,102017439,0,3,99.633,815,818,826,0.0
ti:434781493,9,819,ref|NC_072403.1|,174716485,174715671,14,4,97.791,797,815,822,0.0
ti:434852348,1,690,ref|NC_072399.1|,13010124,13009434,10,1,98.408,680,691,690,0.0
ti:436455473,47,861,ref|NC_072407.1|,48818798,48817987,0,6,99.143,810,817,866,0.0
ti:433488266,8,763,ref|NC_072398.1|,77894520,77893762,2,4,99.079,753,760,763,0.0
ti:435988550,57,875,ref|NC_072402.1|,170535263,170534428,2,16,97.727,817,836,875,0.0
ti:435772276,7,925,ref|NC_072402.1|,96581673,96580746,11,9,97.845,908,928,932,0.0
ti:435764009,7,711,ref|NC_072401.1|,8461945,8462648,6,1,99.007,698,705,711,0.0
ti:434471228,1,983,ref|NC_072405.1|,80755253,80754259,1,13,98.494,981,996,984,0.0
ti:435825413,47,794,ref|NC_072403.1|,4697210,4696469,0,2,99.198,742,748,794,0.0
ti:433896202,7,772,ref|NC_072406.1|,71960041,71960806,5,0,99.347,761,766,772,0.0
ti:434835188,1,608,ref|NC_072407.1|,6039550,6040156,8,1,98.520,599,608,608,0.0
ti:436382029,12,742,ref|NC_072409.1|,71650789,71651518,4,5,98.772,724,733,742,0.0
ti:433480591,58,732,ref|NC_072407.1|,81057177,81057852,4,1,99.260,671,676,732,0.0
ti:436375764,1,869,ref|NC_072412.1|,92655049,92655925,5,8,98.518,864,877,869,0.0
ti:436080455,7,802,ref|NC_072406.1|,102341017,102340222,7,0,99.121,789,796,806,0.0
ti:436083123,47,806,ref|NC_072398.1|,141015714,141016472,1,1,99.737,758,760,806,0.0
ti:434823536,10,807,ref|NC_072413.1|,37596532,37595736,6,1,99.123,791,798,807,0.0
ti:436603852,12,331,ref|NC_072401.1|,46507196,46506877,2,0,99.375,318,320,331,1.91e-157
ti:434883864,1,692,ref|NC_072416.1|,53728365,53727673,5,1,99.134,687,693,692,0.0
ti:434832096,9,941,ref|NC_072409.1|,44918160,44919113,7,23,96.859,925,955,978,0.0
ti:436610624,52,811,ref|NC_072421.1|,97670713,97669957,0,3,99.605,757,760,815,0.0
ti:435985336,1,485,ref|NC_072401.1|,153212813,153213297,0,0,100.000,485,485,485,0.0
ti:434471764,55,780,ref|NC_072413.1|,10985173,10985895,59,3,91.197,663,727,780,0.0
ti:436089622,8,775,ref|NC_072420.1|,16917713,16918478,6,2,98.958,760,768,775,0.0
ti:433983745,47,680,ref|NC_072404.1|,30223262,30222619,0,9,98.447,634,644,681,0.0
ti:434831503,46,826,ref|NC_072418.1|,70910199,70909420,1,3,99.488,778,782,826,0.0
ti:435809890,58,953,ref|NC_072399.1|,67692005,67692904,1,4,99.444,895,900,955,0.0
ti:436080822,6,814,ref|NC_072405.1|,136705073,136705876,9,7,98.025,794,810,814,0.0
ti:435840282,2,620,ref|NC_072407.1|,58177192,58177808,15,2,97.254,602,619,620,0.0
ti:434430443,58,941,ref|NC_072398.1|,2685016,2684116,4,14,97.669,880,901,941,0.0
ti:433500514,1,562,ref|NC_072404.1|,126442785,126442224,5,0,99.110,557,562,562,0.0
ti:434807484,47,812,ref|NC_072419.1|,14742612,14743374,0,2,99.608,763,766,812,0.0
ti:435998833,50,850,ref|NC_072404.1|,176491759,176490959,2,2,99.501,798,802,850,0.0
ti:435773967,7,875,ref|NC_072401.1|,119987210,119988082,3,4,99.198,866,873,875,0.0
ti:436080249,9,840,ref|NC_072411.1|,49300329,49301161,2,1,99.640,830,833,840,0.0
ti:433531113,8,801,ref|NC_072408.1|,63603679,63602887,3,1,99.496,790,794,803,0.0
ti:436555837,14,536,ref|NC_072414.1|,58487850,58488372,1,0,99.809,522,523,536,0.0
ti:437110965,53,904,ref|NC_072399.1|,115122431,115121576,2,4,99.299,850,856,904,0.0
ti:435833207,47,759,ref|NC_072411.1|,13851269,13850557,3,0,99.579,710,713,759,0.0
ti:436603320,47,800,ref|NC_072419.1|,29609685,29610434,0,4,99.469,750,754,801,0.0
ti:433901497,55,827,ref|NC_072403.1|,76496259,76497023,4,7,98.448,761,773,827,0.0
ti:434870452,1,910,ref|NC_072403.1|,175940261,175941184,13,12,97.078,897,924,971,0.0
ti:435828768,9,1000,ref|NC_072398.1|,161376690,161375679,4,19,97.433,987,1013,1043,0.0
ti:434771755,50,705,ref|NC_072409.1|,68939452,68938820,2,20,96.189,631,656,709,0.0
ti:435763867,7,780,ref|NC_072400.1|,69735032,69734259,7,0,99.096,767,774,780,0.0
ti:433475782,14,690,ref|NC_072404.1|,168234540,168235212,22,4,96.160,651,677,690,0.0
ti:437120993,44,776,ref|NC_072403.1|,155490686,155491421,4,3,99.049,729,736,776,0.0
ti:435810915,6,722,ref|NC_072410.1|,77249748,77249033,3,1,99.442,713,717,724,0.0
ti:437142220,58,886,ref|NC_072419.1|,36817653,36816824,0,1,99.880,829,830,888,0.0
ti:435982557,1,324,ref|NC_072404.1|,63842904,63842581,4,0,98.765,320,324,324,6.37e-157
ti:433889669,4,305,ref|NC_072406.1|,108256796,108257122,4,24,91.131,298,327,305,1.14e-105
ti:434820133,1,762,ref|NC_072409.1|,112453267,112452499,6,3,98.309,756,769,763,0.0
ti:434857391,1,283,ref|NC_072401.1|,5730563,5730281,7,0,97.527,276,283,283,8.18e-131
ti:437122386,47,832,ref|NC_072398.1|,97629576,97628794,1,4,99.238,781,787,834,0.0
ti:435760841,8,824,ref|NC_072412.1|,29956382,29957202,3,3,99.147,814,821,824,0.0
ti:437106140,9,718,ref|NC_072400.1|,60720977,60720269,2,1,99.577,707,710,718,0.0
ti:435987913,57,854,ref|NC_072408.1|,38573113,38572314,2,2,99.500,796,800,857,0.0
ti:436632893,25,332,ref|NC_072401.1|,57442394,57442081,2,6,97.452,306,314,332,2.03e-141
ti:434883225,58,961,ref|NC_072398.1|,113176220,113175307,2,10,98.687,902,914,976,0.0
ti:434830605,57,757,ref|NC_072398.1|,210578669,210577972,17,3,97.147,681,701,757,0.0
ti:434883886,2,646,ref|NC_072408.1|,65453838,65453194,2,0,99.690,643,645,646,0.0
ti:435767014,57,922,ref|NC_072420.1|,22248330,22247463,2,4,99.310,863,869,934,0.0
ti:434807390,47,335,ref|NC_072417.1|,52560059,52559771,0,0,100.000,289,289,335,1.50e-143
ti:436633600,3,915,ref|NC_072402.1|,79751760,79750846,12,4,98.253,900,916,915,0.0
ti:434430758,44,805,ref|NC_072401.1|,97440307,97441067,2,1,99.606,759,762,806,0.0
ti:435765025,7,745,ref|NC_072407.1|,20335852,20336589,1,1,99.729,737,739,745,0.0
ti:436382446,58,915,ref|NC_072406.1|,122844560,122845428,2,9,98.504,856,869,918,0.0
ti:435834092,13,754,ref|NC_072405.1|,116302887,116302149,12,3,97.978,727,742,754,0.0
ti:433980018,2,240,ref|NC_072404.1|,174077568,174077326,1,4,97.942,238,243,240,5.39e-109
ti:436609577,11,979,ref|NC_072412.1|,30781113,30780116,3,29,96.794,966,998,979,0.0
ti:436382595,13,840,ref|NC_072411.1|,81562114,81562939,3,4,99.156,822,829,840,0.0
ti:436453431,14,822,ref|NC_072398.1|,167911968,167911168,0,2,98.765,800,810,822,0.0
ti:436456666,13,900,ref|NC_072409.1|,79657439,79658326,1,2,99.663,886,889,900,0.0
ti:435769158,14,933,ref|NC_072413.1|,39698774,39697843,1,12,98.605,919,932,933,0.0
ti:436556709,13,928,ref|NC_072401.1|,109949652,109950579,0,11,98.707,916,928,928,0.0
ti:434880167,12,469,ref|NC_072416.1|,71909849,71910306,5,0,98.908,453,458,474,0.0
ti:437103389,1,792,ref|NC_072398.1|,57011509,57010724,7,6,98.359,779,792,796,0.0
ti:436419571,14,822,ref|NC_072416.1|,16340046,16339234,4,4,99.016,805,813,822,0.0
ti:434472907,57,780,ref|NC_072399.1|,9408210,9407483,1,4,99.313,723,728,780,0.0
ti:435807599,56,896,ref|NC_072413.1|,61207713,61206895,1,3,97.031,817,842,896,0.0
ti:434463913,1,967,ref|NC_072417.1|,33072715,33073701,6,17,97.166,960,988,973,0.0
ti:434869756,55,965,ref|NC_072418.1|,67928776,67927855,1,11,98.698,910,922,965,0.0
ti:436553534,58,967,ref|NC_072402.1|,41199316,41200246,2,20,97.530,908,931,993,0.0
ti:436560813,58,792,ref|NC_072398.1|,195510330,195511065,0,3,99.593,734,737,792,0.0
ti:437135815,14,854,ref|NC_072403.1|,156811157,156810306,2,13,98.242,838,853,854,0.0
ti:436608905,58,411,ref|NC_072407.1|,108534319,108534672,1,0,99.718,353,354,411,1.42e-176
ti:436408825,58,484,ref|NC_072401.1|,116309749,116310176,5,1,98.598,422,428,484,0.0
ti:435819476,54,962,ref|NC_072409.1|,9946740,9947656,3,8,98.800,906,917,982,0.0
ti:434818163,7,925,ref|NC_072412.1|,73081095,73082023,1,11,98.602,917,930,928,0.0
ti:436083162,58,732,ref|NC_072404.1|,181024775,181024102,1,1,99.704,673,675,732,0.0
ti:436635144,14,871,ref|NC_072420.1|,20602280,20601421,1,2,99.651,857,860,871,0.0
ti:434816618,1,363,ref|NC_072404.1|,100326430,100326792,6,0,98.347,357,363,363,4.96e-175
ti:436619877,8,790,ref|NC_072405.1|,155282207,155282986,2,3,99.361,778,783,790,0.0
ti:434423051,7,820,ref|NC_072402.1|,161466771,161465961,1,3,99.509,810,814,822,0.0
ti:435835052,47,767,ref|NC_072408.1|,41706201,41705484,1,2,99.445,717,721,767,0.0
ti:434832139,12,849,ref|NC_072404.1|,135568123,135568969,8,9,97.993,830,847,849,0.0
ti:434862905,2,918,ref|NC_072399.1|,18391009,18390085,2,5,98.919,915,925,919,0.0
ti:433497904,58,933,ref|NC_072415.1|,23266875,23265985,2,19,96.767,868,897,953,0.0
ti:433493006,57,894,ref|NC_072401.1|,49082436,49081607,2,6,97.393,822,844,896,0.0
ti:434768432,9,604,ref|NC_072414.1|,70040975,70040390,22,10,94.631,564,596,604,0.0
ti:436375723,5,901,ref|NC_072401.1|,136416994,136416092,6,6,98.671,891,903,906,0.0
ti:436642192,1,186,ref|NC_072404.1|,59569633,59569818,7,0,96.237,179,186,186,3.28e-79
ti:434854021,1,954,ref|NC_072414.1|,84547683,84546716,6,12,97.730,947,969,964,0.0
ti:434828777,59,899,ref|NC_072410.1|,1603125,1602278,27,7,95.991,814,848,927,0.0
ti:436408042,56,958,ref|NC_072404.1|,109713409,109712497,1,9,98.795,902,913,958,0.0
ti:436011391,58,978,ref|NC_072403.1|,39655622,39656567,0,23,97.357,921,946,997,0.0
ti:436005315,7,889,ref|NC_072400.1|,112754494,112755382,4,6,98.875,879,889,893,0.0
ti:434812529,10,453,ref|NC_072402.1|,78497700,78498143,1,0,99.775,443,444,453,0.0
ti:436608469,52,861,ref|NC_072404.1|,7876315,7877113,1,8,98.274,797,811,863,0.0
ti:436606824,52,825,ref|NC_072409.1|,92530043,92529271,2,1,99.612,771,774,826,0.0
ti:437136216,9,691,ref|NC_072399.1|,39238937,39239615,1,4,99.268,678,683,693,0.0
ti:434422697,8,789,ref|NC_072405.1|,86535743,86534962,4,2,99.234,777,783,795,0.0
ti:436375170,9,811,ref|NC_072400.1|,10729422,10730222,13,2,98.132,788,803,811,0.0
ti:437138277,14,620,ref|NC_072410.1|,45811458,45812064,2,0,99.671,605,607,620,0.0
ti:436002468,3,320,ref|NC_072402.1|,17535484,17535802,1,1,99.373,317,319,320,7.36e-156
ti:435998813,30,742,ref|NC_072420.1|,13160287,13159578,8,1,98.457,702,713,742,0.0
ti:436013177,58,931,ref|NC_072402.1|,130919551,130920435,1,10,98.644,873,885,937,0.0
ti:433472976,4,730,ref|NC_072412.1|,72279103,72279823,6,8,98.077,714,728,730,0.0
ti:433477832,1,488,ref|NC_072403.1|,59027943,59027457,11,1,97.541,476,488,488,0.0
ti:435776294,12,861,ref|NC_072406.1|,63941010,63940147,28,10,94.913,821,865,876,0.0
ti:434881341,9,798,ref|NC_072408.1|,23319518,23318729,3,0,99.620,787,790,800,0.0
ti:436007310,58,785,ref|NC_072407.1|,78094871,78095600,0,2,99.726,728,730,785,0.0
ti:436380277,129,833,ref|NC_072400.1|,123415911,123415217,6,9,97.730,689,705,836,0.0
ti:437142409,14,738,ref|NC_072415.1|,31304764,31305488,3,0,99.586,722,725,740,0.0
ti:436560786,55,941,ref|NC_072403.1|,124837341,124838234,1,7,99.105,886,894,941,0.0
ti:435840040,8,819,ref|NC_072415.1|,54688459,54687650,2,2,99.507,808,812,819,0.0
ti:436500706,12,811,ref|NC_072416.1|,50590575,50591373,2,1,99.625,797,800,811,0.0
ti:437081467,14,977,ref|NC_072414.1|,37281609,37280627,6,26,95.075,946,995,980,0.0
ti:437085245,44,737,ref|NC_072413.1|,82537548,82538240,0,3,99.568,692,695,737,0.0
ti:436414639,46,170,ref|NC_072399.1|,47455984,47456107,3,1,96.800,121,125,177,7.40e-50
ti:434829412,1,780,ref|NC_072402.1|,41438463,41439240,6,2,98.974,772,780,780,0.0
ti:434472355,17,693,ref|NC_072405.1|,1244256,1244933,26,1,96.018,651,678,693,0.0
ti:436376503,47,801,ref|NC_072416.1|,66471604,66470860,1,9,98.543,744,755,802,0.0
ti:435836531,57,703,ref|NC_072400.1|,109990104,109990751,0,3,99.538,646,649,703,0.0
ti:436003063,5,788,ref|NC_072400.1|,128279009,128278226,3,2,99.363,780,785,788,0.0
ti:434830555,47,182,ref|NC_072402.1|,153134382,153134517,0,0,100.000,136,136,278,6.51e-62
ti:434857372,51,792,ref|NC_072406.1|,20333459,20334198,0,3,99.462,739,743,792,0.0
ti:436077038,58,873,ref|NC_072410.1|,119852523,119853340,2,2,99.511,814,818,873,0.0
ti:435828616,10,965,ref|NC_072405.1|,142490212,142491176,8,7,98.238,948,965,972,0.0
ti:436415455,44,782,ref|NC_072399.1|,102197012,102196274,4,0,99.459,735,739,783,0.0
ti:433505807,58,994,ref|NC_072402.1|,106887036,106886083,3,16,97.904,934,954,1006,0.0
ti:433977426,49,813,ref|NC_072398.1|,142017577,142018335,1,6,99.085,758,765,813,0.0
ti:433901621,52,670,ref|NC_072418.1|,62819615,62820233,0,0,100.000,619,619,670,0.0
ti:434424405,55,934,ref|NC_072420.1|,25228356,25227468,3,8,98.650,877,889,934,0.0
ti:435805828,7,826,ref|NC_072400.1|,52748031,52747211,5,1,99.269,815,821,826,0.0
ti:436088307,53,829,ref|NC_072403.1|,125104182,125104952,0,7,98.972,770,778,829,0.0
ti:435996003,1,831,ref|NC_072398.1|,80509546,80508717,4,5,98.920,824,833,831,0.0
ti:433486378,3,909,ref|NC_072401.1|,190715805,190714892,9,6,98.249,898,914,909,0.0
ti:433473698,58,461,ref|NC_072413.1|,57203902,57203499,1,0,99.752,403,404,461,0.0
ti:434430015,7,720,ref|NC_072402.1|,147034727,147035440,1,0,99.860,713,714,720,0.0
ti:436488391,13,921,ref|NC_072413.1|,73440216,73439286,4,21,97.207,905,931,985,0.0
ti:433970542,57,880,ref|NC_072405.1|,1448418,1449241,22,0,97.330,802,824,880,0.0
ti:437125591,47,780,ref|NC_072411.1|,84007866,84007133,2,0,99.728,732,734,780,0.0
ti:436467019,1,286,ref|NC_072416.1|,21811869,21811576,3,8,96.259,283,294,286,6.23e-125
ti:437142342,14,831,ref|NC_072402.1|,34097708,34098529,2,4,99.270,816,822,831,0.0
ti:436640283,9,569,ref|NC_072398.1|,166746418,166746978,4,0,99.287,557,561,569,0.0
ti:437109460,56,767,ref|NC_072403.1|,59606478,59605768,1,1,99.719,710,712,767,0.0
ti:433901209,58,886,ref|NC_072405.1|,143800310,143801144,0,6,99.281,829,835,886,0.0
ti:436563845,58,929,ref|NC_072401.1|,179504189,179503309,4,8,98.524,868,881,929,0.0
ti:434469450,56,782,ref|NC_072421.1|,132761763,132761041,1,4,99.312,722,727,782,0.0
ti:436372292,58,974,ref|NC_072409.1|,129668800,129669724,1,8,99.027,916,925,974,0.0
ti:434423883,58,937,ref|NC_072402.1|,95626759,95625860,8,18,96.670,871,901,942,0.0
ti:433897100,45,952,ref|NC_072404.1|,30036328,30035408,0,13,98.588,908,921,955,0.0
ti:437078236,58,936,ref|NC_072406.1|,19334418,19333533,1,6,99.097,878,886,936,0.0
ti:436389329,52,460,ref|NC_072408.1|,15333466,15333058,2,0,99.511,407,409,460,0.0
ti:436389365,52,730,ref|NC_072410.1|,71676619,71677296,4,1,99.264,674,679,730,0.0
ti:436454045,14,893,ref|NC_072407.1|,73721519,73720633,1,7,99.098,879,887,893,0.0
ti:436464778,1,775,ref|NC_072405.1|,142892756,142891982,0,0,100.000,775,775,775,0.0
ti:434474762,1,789,ref|NC_072417.1|,40422838,40422051,3,1,99.493,785,789,792,0.0
ti:435997531,7,912,ref|NC_072406.1|,29851344,29850431,1,7,99.015,905,914,913,0.0
ti:435835779,66,830,ref|NC_072405.1|,60629708,60628946,4,2,98.956,758,766,830,0.0
ti:436637230,12,932,ref|NC_072408.1|,124046767,124045831,3,13,97.972,918,937,932,0.0
ti:434775515,58,938,ref|NC_072418.1|,67174782,67175675,3,12,98.210,878,894,938,0.0
ti:434426946,7,319,ref|NC_072414.1|,93891417,93891731,18,1,93.651,295,315,418,1.48e-129
ti:437080994,58,915,ref|NC_072401.1|,162421940,162421072,1,10,98.619,857,869,915,0.0
ti:436005542,57,878,ref|NC_072398.1|,166896432,166895624,3,4,97.573,804,824,880,0.0
ti:434770943,58,895,ref|NC_072400.1|,89600193,89601038,1,8,98.936,837,846,895,0.0
ti:434872984,47,787,ref|NC_072400.1|,81399942,81399203,0,1,99.865,740,741,787,0.0
ti:437103663,13,318,ref|NC_072407.1|,101884551,101884246,16,2,94.137,289,307,318,1.50e-127
ti:434866370,1,516,ref|NC_072408.1|,56359310,56359825,3,0,99.419,513,516,516,0.0
ti:435775258,58,964,ref|NC_072401.1|,70279413,70278488,3,18,97.624,904,926,969,0.0
ti:435838663,1,903,ref|NC_072416.1|,2265271,2264355,2,16,98.039,900,918,908,0.0
ti:436639209,1,169,ref|NC_072399.1|,38350677,38350505,0,4,97.688,169,173,169,2.19e-73
ti:435833507,47,715,ref|NC_072419.1|,9015928,9016596,10,4,97.619,656,672,715,0.0
ti:434884051,47,778,ref|NC_072401.1|,68424214,68424944,0,1,99.863,731,732,778,0.0
ti:435837947,52,788,ref|NC_072414.1|,91894847,91895570,8,11,97.151,716,737,789,0.0
ti:436384792,56,907,ref|NC_072399.1|,94802976,94803840,3,12,98.150,849,865,909,0.0
ti:433516467,7,850,ref|NC_072413.1|,60072497,60071650,3,3,99.175,841,848,850,0.0
ti:434461171,47,802,ref|NC_072411.1|,12284319,12285072,2,2,99.471,752,756,802,0.0
ti:435998028,48,890,ref|NC_072408.1|,90699713,90700556,3,1,99.526,840,844,891,0.0
ti:436381144,14,961,ref|NC_072401.1|,66756574,66757537,3,16,98.029,945,964,969,0.0
ti:435777283,56,895,ref|NC_072399.1|,108503377,108502532,0,6,99.291,840,846,895,0.0
ti:436491772,14,910,ref|NC_072402.1|,181403884,181404802,2,19,97.388,895,919,926,0.0
ti:433891188,55,908,ref|NC_072410.1|,79142618,79141759,0,10,98.840,852,862,910,0.0
ti:435820805,29,509,ref|NC_072405.1|,60684122,60683643,5,1,98.753,475,481,509,0.0
ti:436617100,13,792,ref|NC_072407.1|,40500583,40499808,1,3,99.359,775,780,796,0.0
ti:436639546,160,214,ref|NC_072406.1|,102633489,102633544,6,3,81.034,47,58,960,0.014
ti:434851251,47,804,ref|NC_072402.1|,77055605,77056356,1,6,99.077,751,758,804,0.0
ti:436075679,48,766,ref|NC_072406.1|,17428884,17428171,4,7,98.472,709,720,767,0.0
ti:433501897,58,984,ref|NC_072398.1|,219784427,219785378,1,19,97.269,926,952,1009,0.0
ti:434833727,8,807,ref|NC_072408.1|,73129631,73130431,8,1,98.876,792,801,807,0.0
ti:436637204,13,791,ref|NC_072418.1|,48274130,48274910,0,2,99.744,779,781,791,0.0
ti:434879965,3,443,ref|NC_072407.1|,63174072,63174512,4,0,99.093,437,441,443,0.0
ti:434831902,40,321,ref|NC_072400.1|,130087297,130087582,0,4,98.601,282,286,321,2.01e-133
ti:435770729,7,495,ref|NC_072410.1|,134099081,134098593,6,0,98.773,483,489,495,0.0
ti:434840437,54,653,ref|NC_072403.1|,131404049,131404645,3,3,99.000,594,600,653,0.0
ti:436559970,58,927,ref|NC_072413.1|,91076398,91077286,2,17,97.638,868,889,930,0.0
ti:434869478,33,629,ref|NC_072417.1|,35317024,35316429,2,1,99.497,594,597,629,0.0
ti:433492808,58,886,ref|NC_072398.1|,77580872,77580028,3,15,97.518,825,846,887,0.0
ti:435826934,1,886,ref|NC_072405.1|,17540149,17541036,3,4,99.213,882,889,887,0.0
ti:436490472,14,849,ref|NC_072412.1|,57798864,57798019,1,10,98.700,835,846,849,0.0
ti:434472063,7,804,ref|NC_072400.1|,44055184,44054386,2,1,99.625,796,799,806,0.0
ti:436645425,14,898,ref|NC_072398.1|,162558928,162558039,1,5,99.326,884,890,898,0.0
ti:436494757,51,961,ref|NC_072408.1|,80172317,80173243,2,13,98.058,909,927,966,0.0
ti:434807167,2,789,ref|NC_072413.1|,86581881,86582665,7,6,98.228,776,790,789,0.0
ti:433502106,47,325,ref|NC_072415.1|,28697075,28696797,12,0,95.699,267,279,325,3.37e-122
ti:433889065,56,783,ref|NC_072417.1|,44620281,44619549,1,5,99.181,727,733,786,0.0
ti:434430614,58,863,ref|NC_072413.1|,49329819,49330628,3,4,99.136,803,810,863,0.0
ti:433515804,58,878,ref|NC_072401.1|,93858359,93857532,1,7,99.034,820,828,880,0.0
ti:436490910,14,911,ref|NC_072402.1|,110598894,110597983,1,12,98.355,897,912,911,0.0
ti:434464632,9,930,ref|NC_072402.1|,131501740,131502673,3,13,98.182,918,935,930,0.0
ti:433480640,47,903,ref|NC_072399.1|,30147152,30148024,2,14,97.938,855,873,905,0.0
ti:434771005,40,790,ref|NC_072404.1|,3596144,3596891,3,5,98.936,744,752,790,0.0
ti:434838654,54,519,ref|NC_072418.1|,16857116,16857581,2,0,99.571,464,466,519,0.0
ti:433514607,58,871,ref|NC_072408.1|,59639391,59638569,1,9,98.785,813,823,871,0.0
ti:437140541,7,763,ref|NC_072405.1|,37073544,37072792,2,4,99.207,751,757,763,0.0
ti:436091103,231,575,ref|NC_072417.1|,502608,502263,10,1,96.821,335,346,575,2.97e-158
ti:433515530,4,815,ref|NC_072407.1|,32790104,32790914,4,3,99.139,806,813,815,0.0
ti:436002556,49,902,ref|NC_072406.1|,65919471,65920340,2,16,97.931,852,870,903,0.0
ti:434823472,1,548,ref|NC_072408.1|,32069012,32068465,13,0,97.628,535,548,548,0.0
ti:436461912,13,895,ref|NC_072403.1|,147660270,147661155,0,6,99.212,881,888,895,0.0
ti:433518229,47,864,ref|NC_072410.1|,120530431,120529599,11,15,96.879,807,833,875,0.0
ti:434460857,48,818,ref|NC_072403.1|,23922478,23921699,3,9,98.462,768,780,821,0.0
ti:435806287,58,926,ref|NC_072398.1|,146876167,146875296,1,3,99.541,868,872,926,0.0
ti:437124819,12,812,ref|NC_072399.1|,58811156,58810355,3,3,99.253,797,803,812,0.0
ti:433512595,1,864,ref|NC_072404.1|,152525404,152526267,3,0,99.653,861,864,864,0.0
ti:437140436,14,660,ref|NC_072399.1|,76781245,76780601,1,2,99.536,644,647,660,0.0
ti:436456153,58,976,ref|NC_072402.1|,73094091,73095031,0,21,97.662,919,941,1004,0.0
ti:435814978,35,783,ref|NC_072404.1|,118638901,118638153,1,0,99.866,748,749,783,0.0
ti:434431791,6,807,ref|NC_072410.1|,76918848,76919649,11,0,98.628,791,802,807,0.0
ti:437121247,53,409,ref|NC_072403.1|,177223257,177222901,0,0,100.000,357,357,409,8.82e-180
ti:433515016,9,801,ref|NC_072399.1|,111076673,111077457,7,7,98.108,778,793,802,0.0
ti:437084347,3,325,ref|NC_072398.1|,37771118,37770783,0,12,96.131,323,336,325,1.98e-141
ti:437085873,4,568,ref|NC_072409.1|,95281534,95280967,2,3,99.120,563,568,568,0.0
ti:436561123,9,944,ref|NC_072404.1|,179290879,179289929,4,15,98.002,932,951,948,0.0
ti:436635178,14,922,ref|NC_072408.1|,60751712,60750798,1,6,99.235,908,915,925,0.0
ti:434465037,8,470,ref|NC_072414.1|,72094809,72094347,5,0,98.920,458,463,470,0.0
ti:433979341,1,974,ref|NC_072399.1|,39435140,39436124,6,23,96.084,957,996,974,0.0
ti:434818811,4,904,ref|NC_072416.1|,72736886,72735979,4,7,98.789,897,908,907,0.0
ti:433511450,1,886,ref|NC_072404.1|,111034804,111035694,0,5,99.439,886,891,886,0.0
ti:436493992,56,912,ref|NC_072407.1|,27327475,27328331,0,2,99.534,855,859,912,0.0
ti:437115492,1,382,ref|NC_072398.1|,212572445,212572826,16,0,95.812,366,382,382,8.42e-172
ti:437071380,14,931,ref|NC_072410.1|,17210665,17209743,1,7,99.134,916,924,931,0.0
ti:434871847,51,954,ref|NC_072416.1|,23227363,23228278,3,10,98.362,901,916,957,0.0
ti:435995697,32,946,ref|NC_072399.1|,37270760,37271687,2,12,98.384,913,928,946,0.0
ti:435821088,9,585,ref|NC_072406.1|,46021531,46022107,0,0,100.000,577,577,585,0.0
ti:436011329,58,990,ref|NC_072405.1|,160628750,160627802,3,12,97.998,930,949,990,0.0
ti:436456208,57,900,ref|NC_072418.1|,72807850,72807006,2,1,99.645,842,845,900,0.0
ti:434813391,1,886,ref|NC_072415.1|,62001810,62000922,8,3,98.763,878,889,886,0.0
ti:436493288,50,647,ref|NC_072402.1|,153142103,153142700,0,0,100.000,598,598,647,0.0
ti:436011719,7,880,ref|NC_072409.1|,131890423,131891301,3,5,99.090,871,879,883,0.0
ti:434474292,52,822,ref|NC_072402.1|,89161655,89160885,5,2,99.093,765,772,823,0.0
ti:434862571,44,767,ref|NC_072402.1|,165582580,165581858,1,1,99.724,722,724,767,0.0
ti:436002581,58,726,ref|NW_026545999.1|,73218,73891,12,4,97.478,657,674,726,0.0
ti:435982514,13,968,ref|NC_072401.1|,165889822,165890801,0,23,97.551,956,980,969,0.0
ti:436015866,58,935,ref|NC_072401.1|,102392568,102393459,2,13,98.206,876,892,937,0.0
ti:437135269,156,210,ref|NC_072406.1|,102633489,102633544,6,3,81.034,47,58,1029,0.015
ti:436407910,14,878,ref|NC_072399.1|,58323428,58322561,2,3,99.424,863,868,878,0.0
ti:433901857,9,974,ref|NC_072421.1|,58460250,58459269,8,16,97.556,958,982,979,0.0
ti:436645353,14,931,ref|NC_072416.1|,71146005,71145081,1,7,99.135,917,925,931,0.0
ti:435999765,8,850,ref|NC_072409.1|,97505374,97504524,6,10,98.122,836,852,853,0.0
ti:436453899,13,850,ref|NC_072398.1|,127569846,127570688,21,3,96.916,817,843,856,0.0
ti:435775441,1,825,ref|NC_072408.1|,30415989,30416816,7,2,98.792,818,828,825,0.0
ti:436089459,10,805,ref|NC_072400.1|,77881534,77880740,2,1,99.623,793,796,805,0.0
ti:437123193,9,797,ref|NC_072402.1|,55553681,55554465,3,3,99.113,782,789,797,0.0
ti:433532240,1,595,ref|NC_072415.1|,49811189,49811783,30,0,94.958,565,595,595,0.0
ti:435776045,57,883,ref|NC_072411.1|,79146731,79147559,0,2,99.759,827,829,883,0.0
ti:434809647,57,927,ref|NC_072406.1|,154997791,154998683,9,20,95.871,859,896,927,0.0
ti:435984151,13,390,ref|NC_072399.1|,96670461,96670084,8,0,97.884,370,378,390,2.45e-180
ti:436382289,58,933,ref|NC_072412.1|,20228297,20227413,3,9,98.644,873,885,947,0.0
ti:434873823,9,554,ref|NC_072407.1|,116929300,116929846,4,1,99.086,542,547,554,0.0
ti:436014614,47,817,ref|NC_072404.1|,27555107,27555874,0,3,99.611,768,771,821,0.0
ti:434809516,112,166,ref|NC_072406.1|,102633489,102633544,6,3,81.034,47,58,921,0.014
ti:433974615,61,963,ref|NC_072401.1|,89164871,89163957,2,9,98.470,901,915,967,0.0
ti:435767252,3,648,ref|NC_072411.1|,94864034,94864671,19,3,95.820,619,646,648,0.0
ti:433489095,9,843,ref|NC_072406.1|,149571542,149570702,3,7,98.694,831,842,855,0.0
ti:434857757,56,795,ref|NC_072406.1|,115998950,115999687,3,2,99.324,735,740,795,0.0
ti:435760279,57,741,ref|NC_072401.1|,44659086,44659761,17,2,96.204,659,685,741,0.0
ti:434430655,50,891,ref|NC_072409.1|,88873701,88874544,1,4,99.408,840,845,894,0.0
ti:436565345,58,968,ref|NC_072421.1|,153604261,153605199,6,24,96.379,905,939,968,0.0
ti:435833306,49,814,ref|NC_072415.1|,77060822,77060056,0,1,99.870,766,767,814,0.0
ti:437119636,1,435,ref|NC_072398.1|,87871371,87871805,4,0,99.080,431,435,441,0.0
ti:433523268,4,789,ref|NC_072409.1|,121760525,121761311,14,3,97.843,771,788,789,0.0
ti:434875970,52,492,ref|NC_072412.1|,93750186,93750627,2,1,99.321,439,442,492,0.0
ti:434812058,57,956,ref|NC_072402.1|,98509396,98510309,0,13,98.468,900,914,956,0.0
ti:434434534,49,794,ref|NC_072408.1|,125608069,125607325,1,1,99.732,744,746,794,0.0
ti:435993616,58,893,ref|NC_072400.1|,122747813,122746975,1,3,99.523,835,839,895,0.0
ti:435812160,58,663,ref|NC_072421.1|,98027369,98027974,30,4,94.089,573,609,666,0.0
ti:433486111,9,911,ref|NC_072403.1|,15923229,15922319,8,8,98.244,895,911,914,0.0
ti:436002557,12,618,ref|NC_072414.1|,31789453,31788846,6,1,98.849,601,608,618,0.0
ti:434877508,7,796,ref|NC_072416.1|,49818117,49818905,4,1,99.367,785,790,796,0.0
ti:436379678,53,818,ref|NC_072406.1|,95912063,95912828,1,0,99.869,765,766,818,0.0
ti:437130175,50,777,ref|NC_072408.1|,83329537,83328814,0,4,99.451,724,728,778,0.0
ti:433501885,43,893,ref|NC_072414.1|,18272738,18271884,3,2,99.181,848,855,893,0.0
ti:433969565,12,931,ref|NC_072403.1|,90752595,90753522,6,10,98.065,912,930,948,0.0
ti:437121318,50,741,ref|NC_072401.1|,66160310,66159618,0,1,99.856,692,693,741,0.0
ti:437123092,13,796,ref|NC_072419.1|,29019972,29019189,0,2,99.745,783,785,796,0.0
ti:434864939,52,900,ref|NC_072398.1|,155800769,155799911,3,10,98.487,846,859,903,0.0
ti:433478697,58,850,ref|NC_072411.1|,93214686,93215482,1,4,99.373,792,797,850,0.0
ti:435818914,8,814,ref|NC_072410.1|,138142640,138143447,10,4,98.148,795,810,814,0.0
ti:434818990,57,911,ref|NC_072420.1|,28408178,28407309,1,15,98.161,854,870,911,0.0
ti:436633608,3,958,ref|NC_072402.1|,50605723,50604754,1,11,98.454,955,970,965,0.0
ti:436422195,57,837,ref|NC_072420.1|,16276512,16277294,3,2,99.361,778,783,839,0.0
ti:436076715,7,683,ref|NC_072398.1|,81359662,81360338,2,0,99.705,675,677,683,0.0
ti:433494934,58,958,ref|NC_072403.1|,132623791,132622876,3,11,98.035,898,916,960,0.0
ti:433506786,8,923,ref|NC_072404.1|,67327410,67328333,0,8,99.134,916,924,923,0.0
ti:433483923,45,213,ref|NW_026546075.1|,2118,1950,5,0,97.041,164,169,213,9.88e-73
ti:433504825,55,943,ref|NC_072410.1|,79542284,79543184,1,11,98.557,888,901,944,0.0
ti:434439329,47,667,ref|NC_072404.1|,1121119,1121748,0,8,98.571,621,630,667,0.0
ti:436376982,7,884,ref|NC_072410.1|,85394,84517,2,2,99.545,875,879,884,0.0
ti:436640704,9,768,ref|NC_072413.1|,64524756,64524001,1,4,99.342,755,760,768,0.0
ti:433979688,6,807,ref|NC_072415.1|,34588767,34587975,4,9,98.379,789,802,807,0.0
ti:436422550,46,901,ref|NC_072398.1|,146137106,146136236,1,13,98.163,855,871,904,0.0
ti:434772915,8,580,ref|NC_072398.1|,51416739,51417312,4,1,99.129,569,574,580,0.0
ti:435819458,58,938,ref|NC_072412.1|,22252256,22251361,0,14,98.326,881,896,938,0.0
ti:437103907,14,884,ref|NC_072404.1|,82372683,82373555,1,4,99.428,869,874,887,0.0
ti:436467178,55,895,ref|NC_072407.1|,14465527,14466374,1,7,99.057,840,848,895,0.0
ti:434439431,11,649,ref|NC_072422.1|,12250805,12250167,9,0,98.592,630,639,649,0.0
ti:435767854,1,759,ref|NC_072408.1|,41513965,41514723,13,0,98.287,746,759,759,0.0
ti:433525343,47,789,ref|NC_072402.1|,148353701,148354442,0,1,99.865,742,743,789,0.0
ti:436004283,57,932,ref|NC_072403.1|,81760046,81759159,1,11,98.536,875,888,935,0.0
ti:436618024,52,890,ref|NW_026546259.1|,562485,563324,1,3,99.524,837,841,891,0.0
ti:437129268,1,394,ref|NC_072399.1|,105819437,105819830,10,0,97.462,384,394,394,0.0
ti:436560591,58,952,ref|NC_072416.1|,59684469,59685385,0,18,97.601,895,917,959,0.0
ti:436464609,58,970,ref|NC_072401.1|,191659933,191660858,1,13,98.488,912,926,973,0.0
ti:434422679,1,479,ref|NC_072419.1|,21108637,21109115,25,0,94.781,454,479,479,0.0
ti:434475905,47,763,ref|NC_072413.1|,27519511,27518795,1,0,99.861,716,717,763,0.0
ti:433982273,1,734,ref|NC_072401.1|,97897292,97896558,28,1,96.054,706,735,734,0.0
ti:434872331,1,803,ref|NC_072421.1|,113621660,113620860,1,2,99.626,800,803,803,0.0
ti:436455446,46,772,ref|NC_072404.1|,78902687,78903413,0,0,100.000,727,727,772,0.0
ti:437117207,47,773,ref|NC_072404.1|,19880629,19881353,1,4,99.313,723,728,773,0.0
ti:436617405,46,720,ref|NC_072415.1|,58163769,58164436,10,7,97.481,658,675,723,0.0
ti:434478074,47,813,ref|NC_072402.1|,190890117,190889351,1,3,99.350,764,769,813,0.0
ti:434879758,12,858,ref|NC_072409.1|,110660275,110661133,8,12,97.672,839,859,866,0.0
ti:437121007,46,553,ref|NC_072404.1|,175341403,175340896,0,0,100.000,508,508,553,0.0
ti:435832119,1,903,ref|NC_072418.1|,74313177,74312260,9,14,97.171,893,919,906,0.0
ti:436606868,52,795,ref|NC_072408.1|,53984466,53983723,0,0,100.000,744,744,795,0.0
ti:435767257,12,528,ref|NC_072418.1|,71530041,71530557,40,0,92.263,477,517,530,0.0
ti:435833460,46,832,ref|NC_072403.1|,157962884,157963665,1,5,99.238,781,787,833,0.0
ti:436455721,47,806,ref|NC_072398.1|,93319444,93318691,1,6,99.079,753,760,806,0.0
ti:435777321,58,875,ref|NC_072408.1|,27085523,27084703,0,3,99.635,818,821,877,0.0
ti:437108114,58,883,ref|NC_072402.1|,5744932,5745762,1,5,99.278,825,831,883,0.0
ti:435985312,1,870,ref|NC_072421.1|,13093878,13094759,6,11,97.959,864,882,889,0.0
ti:435808198,47,800,ref|NC_072405.1|,86350745,86351497,1,1,99.735,752,754,804,0.0
ti:436457560,10,785,ref|NC_072411.1|,107162186,107162954,7,7,98.196,762,776,785,0.0
ti:433985826,4,824,ref|NC_072399.1|,46360315,46361134,12,1,98.417,808,821,826,0.0
ti:433491991,8,741,ref|NC_072411.1|,30786249,30785517,9,1,98.638,724,734,741,0.0
ti:436616761,14,951,ref|NC_072413.1|,68496066,68495116,1,11,98.528,937,951,952,0.0
ti:434884296,9,713,ref|NC_072406.1|,148298392,148297689,6,1,99.007,698,705,713,0.0
ti:436639559,7,205,ref|NC_072416.1|,58575236,58575037,1,1,99.000,198,200,205,1.62e-92
ti:436618208,1,462,ref|NC_072422.1|,34742099,34741636,37,9,89.552,420,469,462,6.66e-167
ti:433976755,2,829,ref|NC_072419.1|,27379366,27378543,5,4,98.913,819,828,836,0.0
ti:434776927,47,775,ref|NC_072398.1|,63550013,63550742,1,1,99.726,728,730,775,0.0
ti:436376715,1,711,ref|NC_072403.1|,115666469,115665760,2,1,99.578,708,711,711,0.0
ti:433471571,3,259,ref|NC_072413.1|,22889717,22889460,0,1,99.612,257,258,259,5.56e-125
ti:434884256,1,774,ref|NC_072399.1|,30215539,30216311,14,1,98.062,759,774,774,0.0
ti:434855312,46,1001,ref|NC_072398.1|,38630975,38629995,0,21,97.452,956,981,1003,0.0
ti:436387071,14,862,ref|NC_072408.1|,96384409,96383554,5,7,98.598,844,856,866,0.0
ti:435824964,7,813,ref|NC_072405.1|,160856296,160855499,3,2,98.267,794,808,813,0.0
ti:433885752,7,911,ref|NC_072402.1|,84226634,84225715,5,3,97.826,900,920,911,0.0
ti:436454301,49,810,ref|NC_072403.1|,130081260,130082018,6,3,98.819,753,762,813,0.0
ti:434854236,1,746,ref|NC_072411.1|,37926046,37926780,12,10,96.917,723,746,749,0.0
ti:433499288,58,627,ref|NC_072420.1|,13402355,13401785,1,1,99.650,569,571,627,0.0
ti:434437552,1,739,ref|NC_072408.1|,33498641,33499381,1,4,99.326,737,742,739,0.0
ti:437115461,14,962,ref|NC_072412.1|,28030583,28031544,1,13,98.545,948,962,962,0.0
ti:435839031,58,931,ref|NC_072409.1|,77189218,77190088,4,3,98.518,864,877,931,0.0
ti:434833628,58,894,ref|NC_072407.1|,107391543,107392384,1,5,99.287,836,842,900,0.0
ti:433982407,58,844,ref|NC_072398.1|,40663849,40664636,0,1,99.873,787,788,844,0.0
ti:434471039,4,942,ref|NC_072411.1|,36315875,36316820,6,6,98.626,933,946,942,0.0
ti:437129622,58,793,ref|NC_072421.1|,52709041,52709769,0,6,99.049,729,736,793,0.0
ti:433894861,52,778,ref|NC_072400.1|,56554453,56553728,1,1,99.725,725,727,778,0.0
ti:436487800,48,837,ref|NC_072419.1|,35988708,35987923,0,4,99.494,786,790,838,0.0
ti:436636096,15,932,ref|NC_072415.1|,81662348,81661427,2,4,99.349,916,922,932,0.0
ti:437075756,46,585,ref|NC_072400.1|,22560799,22560255,3,4,98.532,537,545,590,0.0
ti:436005210,1,792,ref|NC_072406.1|,60033051,60033842,3,0,99.621,789,792,792,0.0
ti:437111372,9,800,ref|NC_072409.1|,119102157,119102948,0,0,100.000,792,792,800,0.0
ti:437080053,58,923,ref|NC_072416.1|,25534066,25534942,1,11,98.632,865,877,923,0.0
ti:434872654,6,790,ref|NC_072400.1|,76611242,76612026,3,0,99.618,782,785,790,0.0
ti:436080949,8,797,ref|NC_072398.1|,72208002,72207217,3,4,99.114,783,790,797,0.0
ti:434476807,46,794,ref|NC_072414.1|,38240877,38240127,1,1,99.601,748,751,794,0.0
ti:433901580,58,658,ref|NC_072402.1|,164290198,164290797,3,1,99.334,597,601,658,0.0
ti:435999102,8,753,ref|NC_072400.1|,57298791,57298046,8,0,98.928,738,746,753,0.0
ti:434854813,12,780,ref|NC_072404.1|,166262892,166262123,2,1,99.610,767,770,780,0.0
ti:436462928,58,502,ref|NC_072399.1|,26078848,26079292,2,0,99.551,443,445,502,0.0
ti:433970845,57,408,ref|NC_072416.1|,68332659,68332308,8,0,97.727,344,352,408,1.99e-166
ti:434768965,12,485,ref|NC_072409.1|,125987106,125987579,10,0,97.890,464,474,485,0.0
ti:434470895,1,963,ref|NC_072409.1|,109497476,109498450,11,23,96.432,946,981,963,0.0
ti:434851226,47,800,ref|NC_072408.1|,19722561,19721810,1,2,99.602,751,754,800,0.0
ti:437120147,12,925,ref|NC_072408.1|,122553549,122552632,6,4,98.911,908,918,927,0.0
ti:434463769,58,907,ref|NC_072402.1|,131630909,131630052,0,8,99.068,850,858,927,0.0
ti:433976655,5,819,ref|NC_072411.1|,56095011,56094199,3,2,99.387,810,815,819,0.0
ti:435837015,1,880,ref|NC_072408.1|,44294414,44295311,6,19,97.108,873,899,880,0.0
ti:436092092,7,574,ref|NC_072400.1|,11715495,11714929,17,1,96.831,550,568,574,0.0
ti:434878792,50,828,ref|NC_072411.1|,54968161,54968941,0,4,99.488,778,782,828,0.0
ti:435765836,56,936,ref|NC_072405.1|,165972903,165973800,3,16,97.773,878,898,940,0.0
ti:436417776,6,777,ref|NC_072404.1|,99717299,99716530,0,2,99.741,770,772,777,0.0
ti:433501151,1,902,ref|NC_072401.1|,10090231,10091135,1,6,99.118,899,907,905,0.0
ti:436608025,49,393,ref|NC_072421.1|,123374772,123375116,3,0,99.130,342,345,393,4.07e-169
ti:434463867,9,974,ref|NC_072408.1|,15691336,15692332,13,27,95.587,953,997,1003,0.0
ti:436088197,53,783,ref|NC_072410.1|,47011582,47010854,5,4,98.770,723,732,783,0.0
ti:436466038,276,886,ref|NC_072419.1|,9922875,9923491,1,6,98.865,610,617,886,0.0
ti:434811859,58,817,ref|NC_072410.1|,41117984,41117215,2,4,98.442,758,770,817,0.0
ti:436418375,47,807,ref|NC_072405.1|,50887773,50888533,0,2,99.738,760,762,807,0.0
ti:436381204,10,960,ref|NC_072401.1|,62686602,62687558,3,6,99.060,948,957,960,0.0
ti:437116707,14,935,ref|NC_072406.1|,126529934,126529007,1,5,99.246,921,928,935,0.0
ti:434809769,57,900,ref|NC_072414.1|,26161087,26161933,0,3,99.646,844,847,900,0.0
ti:434861874,55,915,ref|NC_072402.1|,185082246,185081369,2,17,97.836,859,878,918,0.0
ti:436552042,1,145,ref|NC_072421.1|,68370366,68370519,1,9,93.506,144,154,145,4.91e-51
ti:433504875,45,935,ref|NC_072421.1|,30471181,30472081,3,10,98.557,888,901,937,0.0
ti:434834087,57,845,ref|NC_072405.1|,77175965,77175172,3,12,97.995,782,798,845,0.0
ti:433527584,58,797,ref|NC_072402.1|,22608303,22607565,0,1,99.865,739,740,797,0.0
ti:437083726,45,577,ref|NC_072404.1|,37971823,37972355,7,0,98.687,526,533,577,0.0
ti:434882048,9,816,ref|NC_072404.1|,142662220,142661416,12,5,97.899,792,809,816,0.0
ti:436088547,65,933,ref|NC_072405.1|,60766490,60765617,3,5,99.085,866,874,935,0.0
ti:433471440,47,803,ref|NC_072411.1|,40761641,40760892,51,7,92.338,699,757,803,0.0
ti:435834422,43,808,ref|NC_072401.1|,175433893,175433134,1,6,99.086,759,766,808,0.0
ti:436083869,58,921,ref|NC_072416.1|,61823241,61822365,6,11,97.834,858,877,927,0.0
ti:436635025,14,973,ref|NC_072420.1|,40425458,40426435,2,19,97.753,957,979,990,0.0
ti:433983617,1,605,ref|NC_072402.1|,27672163,27672768,6,1,98.845,599,606,605,0.0
ti:436467001,5,448,ref|NC_072400.1|,70531287,70530842,0,2,99.552,444,446,448,0.0
ti:437109096,47,576,ref|NC_072401.1|,53853807,53854335,43,1,91.698,486,530,593,0.0
ti:433977923,51,924,ref|NC_072405.1|,130959620,130960503,1,10,98.756,873,884,926,0.0
ti:437109609,47,806,ref|NW_026546259.1|,393105,392349,0,3,99.605,757,760,806,0.0
ti:436458374,14,887,ref|NC_072398.1|,125397853,125398737,1,16,97.750,869,889,899,0.0
ti:435827579,58,489,ref|NC_072406.1|,144543580,144544011,2,0,99.537,430,432,489,0.0
ti:436458437,3,500,ref|NC_072401.1|,180826164,180825663,0,4,99.203,498,502,500,0.0
ti:433886983,7,871,ref|NC_072398.1|,103334391,103335266,2,8,98.516,863,876,875,0.0
ti:434854649,8,797,ref|NC_072404.1|,154101135,154100348,0,2,99.747,788,790,797,0.0
ti:437129062,47,796,ref|NC_072407.1|,30392048,30391305,1,4,99.067,743,750,797,0.0
ti:436498176,60,611,ref|NC_072407.1|,115975809,115975257,2,1,99.458,550,553,611,0.0
ti:434869780,58,950,ref|NC_072401.1|,25487082,25487990,3,16,97.692,889,910,954,0.0
ti:434865703,58,764,ref|NC_072420.1|,28589304,28588600,0,2,99.717,705,707,764,0.0
ti:436612146,50,910,ref|NC_072406.1|,37792790,37791925,3,5,99.076,858,866,910,0.0
ti:436463739,45,876,ref|NC_072398.1|,204047274,204046434,1,8,98.811,831,841,876,0.0
ti:433494259,1,795,ref|NC_072409.1|,81509950,81509153,5,3,98.997,790,798,795,0.0
ti:435761846,5,895,ref|NC_072402.1|,162303850,162304742,0,2,99.776,891,893,895,0.0
ti:433507244,1,393,ref|NC_072405.1|,72054665,72055057,3,0,99.237,390,393,393,0.0
ti:433478406,58,924,ref|NC_072412.1|,26671370,26672254,1,16,97.853,866,885,926,0.0
ti:433898250,6,791,ref|NC_072408.1|,14294395,14293611,3,1,99.491,782,786,791,0.0
ti:434871562,58,930,ref|NC_072402.1|,59287292,59288168,0,3,99.544,873,877,930,0.0
ti:434860842,47,774,ref|NC_072409.1|,73324886,73325603,0,9,98.626,718,728,780,0.0
ti:436556320,58,995,ref|NC_072402.1|,19675082,19674122,2,18,97.399,936,961,995,0.0
ti:434828194,30,791,ref|NC_072404.1|,150491421,150490661,4,1,99.344,757,762,791,0.0
ti:433495818,55,893,ref|NC_072407.1|,26182919,26182062,6,16,97.086,833,858,894,0.0
ti:435807350,9,879,ref|NC_072405.1|,128853517,128854394,1,5,99.089,870,878,879,0.0
ti:434855977,47,807,ref|NC_072411.1|,66064234,66064993,1,1,99.737,759,761,807,0.0
ti:433526416,51,908,ref|NC_072404.1|,29068945,29069809,0,7,99.191,858,865,911,0.0
ti:433485061,47,559,ref|NC_072407.1|,44603663,44604175,3,0,99.415,510,513,559,0.0
ti:433982125,1,690,ref|NC_072400.1|,72470281,72469591,11,2,97.977,678,692,690,0.0
ti:434809153,7,611,ref|NC_072416.1|,57562094,57562698,5,0,99.174,600,605,611,0.0
ti:435770274,14,905,ref|NC_072405.1|,122111311,122110415,0,5,99.443,892,897,905,0.0
ti:436561678,53,952,ref|NC_072415.1|,70530707,70529796,0,12,98.684,900,912,952,0.0
ti:433475969,51,981,ref|NC_072404.1|,107217239,107218195,0,21,97.283,931,957,987,0.0
ti:435835847,1,124,ref|NC_072405.1|,60631360,60631237,2,0,98.387,122,124,124,2.91e-53
ti:437106293,1,611,ref|NC_072420.1|,26496972,26496362,9,0,98.527,602,611,611,0.0
ti:434806719,58,812,ref|NC_072404.1|,152292075,152291323,0,2,99.735,753,755,812,0.0
ti:437081458,14,908,ref|NC_072409.1|,99093953,99094860,0,11,98.568,895,908,917,0.0
ti:433897921,9,793,ref|NC_072412.1|,86981003,86981787,4,0,99.490,781,785,793,0.0
ti:436421872,58,744,ref|NC_072412.1|,69025254,69025939,2,1,99.563,684,687,744,0.0
ti:434868967,57,414,ref|NC_072411.1|,68082340,68081983,3,0,99.162,355,358,414,4.90e-176
ti:435989343,7,846,ref|NC_072407.1|,65964024,65963184,3,6,98.815,834,844,846,0.0
ti:434809514,8,970,ref|NC_072414.1|,67252578,67251609,4,5,98.866,959,970,973,0.0
ti:436459012,51,760,ref|NC_072403.1|,140600351,140599643,0,1,99.859,709,710,763,0.0
ti:436493044,14,911,ref|NC_072402.1|,145196381,145197293,12,12,97.043,886,913,911,0.0
ti:436090570,56,438,ref|NC_072418.1|,11875429,11875047,3,0,99.217,380,383,438,0.0
ti:436455438,12,799,ref|NC_072421.1|,114988723,114989508,1,2,99.619,785,788,799,0.0
ti:434431459,34,846,ref|NC_072406.1|,65037514,65036709,5,7,98.524,801,813,855,0.0
ti:434807358,58,420,ref|NC_072405.1|,53607732,53608094,0,0,100.000,363,363,420,0.0
ti:434835960,1,472,ref|NC_072398.1|,227728799,227728328,2,0,99.576,470,472,951,0.0
ti:434823162,1,790,ref|NC_072419.1|,8295884,8296673,5,2,99.115,784,791,790,0.0
ti:433983094,1,502,ref|NC_072400.1|,131737892,131737391,4,0,99.203,498,502,502,0.0
ti:434437549,14,532,ref|NC_072417.1|,41006858,41007376,1,0,99.807,518,519,532,0.0
ti:436611405,60,907,ref|NC_072411.1|,24237069,24236216,3,7,98.713,844,855,910,0.0
ti:436630218,11,540,ref|NC_072409.1|,77883400,77883929,1,0,99.811,529,530,540,0.0
ti:436457229,47,789,ref|NC_072399.1|,116647723,116646982,0,1,99.865,742,743,789,0.0
ti:434838229,1,521,ref|NC_072417.1|,12149255,12148727,35,1,91.871,486,529,545,0.0
ti:433890587,9,898,ref|NC_072407.1|,16533061,16532167,0,5,99.441,890,895,898,0.0
ti:437137564,57,798,ref|NC_072409.1|,58279815,58279079,1,2,99.191,736,742,798,0.0
ti:437131437,47,651,ref|NC_072404.1|,32214240,32214842,1,2,99.504,602,605,651,0.0
ti:434783763,57,857,ref|NC_072409.1|,63341955,63341151,2,4,99.255,799,805,857,0.0
ti:437121779,6,234,ref|NC_072404.1|,47814892,47814664,2,0,99.127,227,229,234,5.23e-109
ti:434438476,9,883,ref|NC_072413.1|,46452068,46452953,12,10,97.182,862,887,883,0.0
ti:437131861,15,472,ref|NC_072411.1|,44552522,44552980,3,1,99.129,455,459,472,0.0
ti:433890359,58,871,ref|NC_072409.1|,86065594,86064780,3,7,98.778,808,818,871,0.0
ti:433501630,56,901,ref|NC_072402.1|,139697624,139696771,0,8,99.063,846,854,902,0.0
ti:434839308,9,911,ref|NC_072410.1|,52409423,52408511,3,10,98.576,900,913,913,0.0
ti:436462953,58,706,ref|NC_072403.1|,84523750,84524398,1,0,99.846,648,649,706,0.0
ti:433497955,52,525,ref|NC_072403.1|,139829137,139829610,1,0,99.789,473,474,525,0.0
ti:436372843,58,792,ref|NC_072406.1|,109580422,109581156,0,0,100.000,735,735,792,0.0
ti:435832759,58,960,ref|NC_072401.1|,110795816,110794903,2,10,98.578,901,914,960,0.0
ti:436413647,50,820,ref|NC_072418.1|,66294855,66295612,0,10,98.314,758,771,821,0.0
ti:435812930,41,800,ref|NC_072416.1|,82081423,82082175,3,7,98.684,750,760,800,0.0
ti:434462730,58,665,ref|NC_072408.1|,18591937,18591330,0,0,100.000,608,608,665,0.0
ti:435768822,10,612,ref|NC_072401.1|,50354848,50354246,14,2,97.351,588,604,612,0.0
ti:434475836,71,794,ref|NC_072413.1|,86771133,86771856,2,2,99.448,721,725,794,0.0
ti:433970403,47,306,ref|NC_072415.1|,93734973,93734713,16,1,93.487,244,261,306,3.91e-105
ti:436458806,47,832,ref|NC_072410.1|,105992091,105991305,2,1,99.619,784,787,835,0.0
ti:433479780,7,880,ref|NC_072401.1|,114177756,114178639,2,8,98.643,872,884,882,0.0
ti:437074383,1,185,ref|NC_072407.1|,63554580,63554386,2,10,93.846,183,195,185,1.34e-69
ti:436412532,34,776,ref|NC_072399.1|,110554983,110554242,3,4,98.926,737,745,776,0.0
ti:436373323,1,488,ref|NC_072402.1|,21050429,21050916,20,0,95.902,468,488,489,0.0
ti:436550510,1,787,ref|NC_072404.1|,24879527,24878746,2,5,99.111,780,787,787,0.0
ti:434785524,51,838,ref|NC_072401.1|,97784314,97785094,1,6,98.985,780,788,838,0.0
ti:436466149,45,970,ref|NC_072418.1|,72897298,72896352,4,15,97.360,922,947,974,0.0
ti:436005529,54,857,ref|NC_072406.1|,98009403,98008599,3,1,99.503,801,805,863,0.0
ti:433885955,7,819,ref|NC_072407.1|,49361898,49361087,5,1,99.262,807,813,819,0.0
ti:436421045,12,983,ref|NC_072403.1|,40478157,40479145,1,16,98.180,971,989,986,0.0
ti:434822364,57,916,ref|NC_072401.1|,24893467,24894332,0,6,99.307,860,866,921,0.0
ti:434859538,2,739,ref|NC_072405.1|,97907957,97908699,8,5,98.250,730,743,739,0.0
ti:433503505,57,924,ref|NC_072414.1|,35267917,35268792,1,8,98.973,867,876,924,0.0
ti:434818449,7,885,ref|NC_072404.1|,174256441,174257324,2,5,99.208,877,884,887,0.0
ti:433496836,304,882,ref|NC_072405.1|,68251901,68251315,3,8,98.126,576,587,882,0.0
ti:436081783,56,894,ref|NC_072411.1|,39291691,39292536,0,7,99.173,839,846,894,0.0
ti:437073969,14,845,ref|NC_072406.1|,122534126,122534965,2,6,98.810,830,840,847,0.0
ti:434858292,56,802,ref|NC_072401.1|,187945598,187944855,2,2,99.064,741,748,802,0.0
ti:435832072,47,776,ref|NC_072412.1|,71705140,71705869,0,0,100.000,730,730,776,0.0
ti:435828178,12,786,ref|NC_072413.1|,68702396,68701623,2,1,99.613,772,775,786,0.0
ti:436386449,12,564,ref|NC_072420.1|,32891349,32890797,1,2,99.099,550,555,564,0.0
ti:433528498,2,654,ref|NC_072407.1|,38109325,38109977,3,0,99.541,650,653,654,0.0
ti:434859588,7,370,ref|NC_072410.1|,96430469,96430096,4,12,95.733,359,375,373,1.86e-158
ti:435990789,58,980,ref|NC_072401.1|,45801584,45802525,3,16,97.665,920,942,980,0.0
ti:433499522,45,446,ref|NC_072402.1|,153186160,153185759,0,0,100.000,402,402,446,0.0
ti:433981908,52,957,ref|NC_072406.1|,30025334,30026241,0,9,98.468,900,914,957,0.0
ti:433494356,1,140,ref|NC_072403.1|,6284762,6284908,0,7,95.238,140,147,140,3.42e-53
ti:433523235,51,910,ref|NC_072413.1|,14769990,14770859,33,10,95.057,827,870,910,0.0
ti:437081678,56,976,ref|NC_072402.1|,113696503,113697449,3,21,96.938,918,947,981,0.0
ti:436637086,46,960,ref|NC_072411.1|,91211632,91212557,2,10,98.596,913,926,960,0.0
ti:436012210,58,936,ref|NC_072402.1|,44685080,44685974,0,15,98.212,879,895,943,0.0
ti:435820242,1,872,ref|NC_072400.1|,65094445,65095322,6,6,98.633,866,878,874,0.0
ti:436088859,1,339,ref|NC_072409.1|,65215466,65215804,11,0,96.755,328,339,353,2.80e-155
ti:437102173,58,905,ref|NC_072407.1|,234240,235089,29,2,96.353,819,850,905,0.0
ti:433499824,8,840,ref|NC_072421.1|,91814296,91813463,5,1,99.281,828,834,840,0.0
ti:433984572,57,795,ref|NC_072402.1|,27822836,27822097,0,1,99.865,739,740,795,0.0
ti:434832883,1,804,ref|NC_072404.1|,141318059,141317256,5,4,98.883,797,806,804,0.0
ti:436609583,14,983,ref|NC_072401.1|,12260203,12261194,3,18,97.480,967,992,996,0.0
ti:434437912,58,900,ref|NC_072401.1|,75942981,75943825,3,2,99.408,840,845,900,0.0
ti:436630424,8,748,ref|NC_072408.1|,88094335,88093598,12,3,97.976,726,741,749,0.0
ti:433889781,7,650,ref|NW_026546119.1|,1132421,1133064,20,0,96.894,624,644,650,0.0
ti:433479050,1,611,ref|NC_072406.1|,123902245,123901635,6,0,99.018,605,611,611,0.0
ti:434883062,91,362,ref|NC_072417.1|,7942321,7942592,2,0,99.265,270,272,364,9.25e-132
ti:436610800,47,809,ref|NC_072411.1|,14248628,14247876,1,10,98.558,752,763,809,0.0
ti:433897324,58,988,ref|NC_072405.1|,45163294,45162351,0,12,98.623,931,944,988,0.0
ti:437134093,58,923,ref|NC_072402.1|,187077200,187078066,2,1,99.654,864,867,923,0.0
ti:433885172,5,917,ref|NC_072398.1|,198946901,198945990,5,2,99.125,906,914,917,0.0
ti:437125973,11,793,ref|NC_072404.1|,36020176,36019397,2,1,99.361,778,783,796,0.0
ti:434433479,53,549,ref|NC_072410.1|,44822509,44823005,0,0,100.000,497,497,549,0.0
ti:433982945,58,918,ref|NC_072399.1|,68399427,68398573,4,6,98.839,851,861,918,0.0
ti:435810239,58,658,ref|NC_072410.1|,116798941,116798339,2,2,99.337,599,603,658,0.0
ti:434432836,1,781,ref|NC_072421.1|,58914855,58914076,15,1,97.951,765,781,784,0.0
ti:434461459,3,862,ref|NC_072411.1|,110828874,110828013,5,2,99.188,855,862,862,0.0
ti:433532296,7,784,ref|NC_072416.1|,73234989,73235766,9,0,98.843,769,778,784,0.0
ti:437073909,14,911,ref|NC_072399.1|,65515000,65514093,2,9,98.678,896,908,918,0.0
ti:433509453,1,818,ref|NC_072414.1|,90013634,90014455,15,4,97.689,803,822,820,0.0
ti:436453814,14,742,ref|NC_072400.1|,42659830,42660555,1,2,99.178,724,730,742,0.0
ti:436612379,9,825,ref|NC_072401.1|,148946311,148945504,5,6,98.286,803,817,829,0.0
ti:434475318,1,736,ref|NC_072398.1|,73755163,73754428,2,0,99.728,734,736,736,0.0
ti:437130707,56,377,ref|NC_072405.1|,79324635,79324314,1,0,99.689,321,322,377,1.60e-159
ti:437116195,1,993,ref|NC_072398.1|,206350411,206351426,3,21,97.247,989,1017,993,0.0
ti:433891022,49,866,ref|NC_072409.1|,111312660,111311840,0,3,99.635,818,821,871,0.0
ti:437078959,56,966,ref|NC_072406.1|,49453352,49452425,7,15,97.414,904,928,994,0.0
ti:436550520,9,751,ref|NC_072405.1|,29388524,29389257,1,9,98.654,733,743,751,0.0
ti:433895351,4,910,ref|NC_072404.1|,151954829,151955744,7,8,98.253,900,916,913,0.0
ti:434427364,12,757,ref|NC_072406.1|,27496961,27497706,5,2,99.063,740,747,761,0.0
ti:435996088,1,911,ref|NC_072417.1|,18408279,18407358,6,11,98.156,905,922,919,0.0
ti:437077851,11,536,ref|NC_072401.1|,108037145,108036620,1,0,99.810,525,526,536,0.0
ti:434772474,46,931,ref|NC_072401.1|,4336840,4335943,6,12,97.996,880,898,931,0.0
ti:433499683,1,414,ref|NC_072417.1|,16472671,16472258,4,0,99.034,410,414,414,0.0
ti:436086460,7,959,ref|NC_072421.1|,138289612,138290580,4,16,97.936,949,969,959,0.0
ti:436610810,13,919,ref|NC_072419.1|,36150142,36149223,17,13,96.739,890,920,919,0.0
ti:433502557,51,944,ref|NC_072413.1|,83661937,83662836,1,8,99.001,892,901,945,0.0
ti:433970062,44,589,ref|NC_072422.1|,18130640,18130096,12,1,97.619,533,546,590,0.0
ti:436077939,9,780,ref|NC_072403.1|,94662624,94661853,5,0,99.352,767,772,780,0.0
ti:433516788,49,861,ref|NC_072411.1|,32492251,32493067,0,6,99.267,812,818,862,0.0
ti:437121408,46,800,ref|NC_072400.1|,16708890,16709642,3,2,99.338,750,755,800,0.0
ti:434883060,58,920,ref|NC_072413.1|,42706337,42705466,1,9,98.853,862,872,920,0.0
ti:434808994,58,867,ref|NC_072399.1|,29239228,29240038,2,1,99.630,808,811,867,0.0
ti:435808737,9,749,ref|NC_072415.1|,5377919,5378647,23,11,95.277,706,741,749,0.0
ti:434471139,7,931,ref|NC_072416.1|,29843787,29844720,1,10,98.717,923,935,931,0.0
ti:436080850,1,751,ref|NC_072405.1|,74945296,74946039,7,7,98.136,737,751,751,0.0
ti:434477551,50,801,ref|NC_072399.1|,29266269,29265529,1,9,98.404,740,752,810,0.0
ti:436549938,52,313,ref|NC_072402.1|,141156607,141156868,7,0,97.328,255,262,315,1.53e-119
ti:434879640,8,617,ref|NC_072403.1|,89093427,89092818,11,0,98.197,599,610,617,0.0
ti:436011748,8,893,ref|NC_072410.1|,52742956,52742068,3,3,99.325,883,889,894,0.0
ti:437072778,1,115,ref|NC_072410.1|,61718592,61718718,0,11,90.551,115,127,115,1.78e-32
ti:437107935,55,853,ref|NC_072422.1|,11041945,11042746,1,3,99.501,798,802,853,0.0
ti:434465168,7,257,ref|NC_072398.1|,191160808,191160557,3,1,98.413,248,252,257,1.66e-117
ti:434434037,47,824,ref|NC_072403.1|,109355901,109356666,2,11,98.201,764,778,826,0.0
ti:435814020,47,840,ref|NC_072404.1|,8085753,8086544,0,1,99.748,792,794,843,0.0
ti:436386684,8,137,ref|NC_072421.1|,69434319,69434190,0,0,100.000,130,130,137,4.43e-59
ti:435986562,9,900,ref|NC_072400.1|,137229740,137228835,8,12,97.572,884,906,900,0.0
ti:434822766,4,714,ref|NC_072408.1|,57765309,57766023,17,1,97.063,694,715,714,0.0
ti:437111441,9,798,ref|NC_072399.1|,12585741,12586530,2,2,99.494,787,791,801,0.0
ti:436608283,47,780,ref|NC_072407.1|,16129903,16130636,0,2,99.728,733,735,780,0.0
ti:436603632,1,242,ref|NC_072411.1|,89241860,89241619,9,0,96.281,233,242,247,2.61e-106
ti:436085220,9,774,ref|NC_072416.1|,82535772,82535006,16,3,97.526,749,768,774,0.0
ti:436487745,52,808,ref|NC_072409.1|,64141193,64141943,12,5,97.622,739,757,812,0.0
ti:434424819,1,917,ref|NC_072405.1|,65714852,65715771,7,4,98.697,909,921,917,0.0
ti:436418304,51,859,ref|NC_072419.1|,25054221,25053424,4,9,98.146,794,809,861,0.0
ti:434829996,1,751,ref|NC_072418.1|,34668963,34669713,4,0,99.467,747,751,751,0.0
ti:435819136,47,785,ref|NC_072412.1|,17424467,17423729,0,0,100.000,739,739,785,0.0
ti:433898496,9,831,ref|NC_072398.1|,214235718,214234905,4,9,98.420,810,823,831,0.0
ti:434435774,56,778,ref|NC_072405.1|,105567139,105566419,2,2,99.447,719,723,778,0.0
ti:436385694,58,1016,ref|NC_072398.1|,201072685,201071706,0,20,97.857,959,980,1018,0.0
ti:433494510,46,890,ref|NC_072415.1|,67414979,67415829,0,6,99.295,845,851,890,0.0
ti:434464332,49,944,ref|NC_072410.1|,117653043,117653953,2,17,97.917,893,912,960,0.0
ti:433510746,1,133,ref|NC_072421.1|,129204315,129204447,0,0,100.000,133,133,133,1.06e-60
ti:434814564,7,908,ref|NC_072398.1|,24051443,24050532,5,9,98.355,897,912,908,0.0
ti:437105688,57,937,ref|NC_072413.1|,45786776,45785893,1,3,99.548,880,884,937,0.0
ti:436558049,12,740,ref|NC_072400.1|,93772717,93771986,0,3,99.590,729,732,740,0.0
ti:435763925,7,806,ref|NC_072402.1|,64173913,64173117,3,3,99.250,794,800,809,0.0
ti:433474257,1,994,ref|NC_072405.1|,49730044,49731072,2,29,96.404,992,1029,1007,0.0
ti:433525809,9,733,ref|NC_072402.1|,132667176,132667903,13,3,97.802,712,728,733,0.0
ti:434861267,1,218,ref|NC_072401.1|,523169,523386,11,0,94.954,207,218,218,6.99e-91
ti:435806462,46,993,ref|NC_072401.1|,50460860,50459897,0,16,98.340,948,964,1010,0.0
ti:433480350,22,282,ref|NC_072402.1|,151693947,151693683,0,4,98.491,261,265,282,2.87e-122
ti:436498376,57,784,ref|NC_072416.1|,18898967,18899702,2,10,98.372,725,737,787,0.0
ti:434776163,1,643,ref|NC_072402.1|,115061692,115061051,8,1,98.600,634,643,643,0.0
ti:434883860,11,433,ref|NC_072410.1|,76163918,76163496,3,0,99.291,420,423,435,0.0
ti:433974971,49,510,ref|NC_072409.1|,111219301,111219761,9,1,97.835,452,462,510,0.0
ti:435986544,9,743,ref|NC_072411.1|,64241904,64241169,8,3,98.507,726,737,743,0.0
ti:435771688,46,779,ref|NC_072410.1|,86179574,86180305,1,2,99.591,731,734,780,0.0
ti:433482692,47,419,ref|NC_072421.1|,141308987,141309359,1,0,99.732,372,373,419,0.0
ti:436012590,9,879,ref|NC_072403.1|,111744800,111743927,0,3,99.657,871,874,879,0.0
ti:434867005,58,959,ref|NC_072405.1|,147959914,147958996,2,17,97.933,900,919,959,0.0
ti:436607471,12,802,ref|NC_072421.1|,15396806,15397594,1,2,99.621,788,791,802,0.0
ti:436012854,8,660,ref|NC_072409.1|,80830417,80829765,2,0,99.694,651,653,660,0.0
ti:436491834,1,191,ref|NC_072403.1|,42664954,42664755,0,11,94.527,190,201,191,2.55e-73
ti:436456040,58,960,ref|NC_072404.1|,50371256,50372165,3,7,98.901,900,910,977,0.0
ti:434813261,1,892,ref|NC_072404.1|,96611518,96612414,5,5,98.664,886,898,892,0.0
ti:435812370,46,819,ref|NC_072406.1|,107683786,107683008,2,5,99.101,772,779,819,0.0
ti:434833880,322,614,ref|NC_072419.1|,27618116,27617821,25,1,90.541,268,296,858,2.16e-108
ti:436613327,9,807,ref|NC_072398.1|,19247395,19246599,3,2,99.374,794,799,807,0.0
ti:433530265,1,856,ref|NC_072420.1|,29075773,29074909,7,8,98.150,849,865,861,0.0
ti:436603215,52,806,ref|NC_072410.1|,117277490,117276738,1,2,99.603,752,755,806,0.0
ti:434854638,15,727,ref|NC_072398.1|,46822196,46822906,6,2,98.878,705,713,727,0.0
ti:436000815,3,824,ref|NC_072403.1|,37082610,37083438,10,7,97.949,812,829,827,0.0
ti:436464962,57,870,ref|NC_072410.1|,21862959,21863787,1,14,98.070,813,829,880,0.0
ti:435819616,56,988,ref|NC_072415.1|,82252413,82253370,0,23,97.390,933,958,1012,0.0
ti:434820880,55,933,ref|NC_072400.1|,40494310,40493417,4,12,97.875,875,894,945,0.0
ti:435771285,58,859,ref|NC_072398.1|,94969365,94970171,5,3,98.761,797,807,859,0.0
ti:436644167,51,497,ref|NC_072398.1|,21161020,21160574,2,0,99.553,445,447,497,0.0
ti:434814916,58,893,ref|NC_072417.1|,25594587,25595426,4,4,99.048,832,840,893,0.0
ti:435767072,58,858,ref|NC_072403.1|,13625931,13626732,5,3,99.004,795,803,858,0.0
ti:436646548,11,803,ref|NC_072399.1|,55386045,55386833,0,4,99.496,789,793,803,0.0
ti:435766263,9,750,ref|NC_072404.1|,148456666,148457407,1,0,99.865,741,742,750,0.0
ti:436007125,56,575,ref|NC_072398.1|,32998127,32997606,8,1,98.084,512,522,575,0.0
ti:433887429,46,805,ref|NC_072400.1|,27329846,27329085,0,3,99.476,759,763,805,0.0
ti:434470564,1,958,ref|NC_072414.1|,61691366,61690407,5,2,99.271,953,960,958,0.0
ti:435763702,47,861,ref|NC_072414.1|,76977204,76978008,0,8,98.773,805,815,862,0.0
ti:436604389,31,769,ref|NC_072398.1|,111757160,111756426,2,5,98.919,732,740,769,0.0
ti:434864556,59,980,ref|NC_072399.1|,108156903,108155959,0,21,97.566,922,945,980,0.0
ti:436551391,51,820,ref|NC_072409.1|,45572361,45573129,0,1,99.870,769,770,822,0.0
ti:434805972,58,957,ref|NC_072420.1|,29362518,29363423,0,6,99.338,900,906,960,0.0
ti:436088736,10,947,ref|NC_072406.1|,122062544,122063494,3,15,98.109,934,952,947,0.0
ti:436389532,41,812,ref|NC_072414.1|,81688784,81688015,3,4,99.094,766,773,812,0.0
ti:434466982,46,786,ref|NC_072408.1|,29078785,29079524,0,1,99.865,740,741,786,0.0
ti:433517106,57,935,ref|NC_072402.1|,69198712,69199595,2,5,99.208,877,884,936,0.0
ti:435819776,8,648,ref|NC_072411.1|,76197269,76197908,7,1,98.752,633,641,648,0.0
ti:436501257,46,844,ref|NC_072418.1|,42738188,42738997,3,10,98.272,796,810,844,0.0
ti:437116149,15,268,ref|NC_072415.1|,45415494,45415747,1,0,99.606,253,254,268,2.31e-123
ti:433491758,7,879,ref|NC_072414.1|,51600420,51599542,3,6,98.976,870,879,882,0.0
ti:434771202,46,771,ref|NC_072410.1|,85628381,85627656,2,0,99.725,724,726,772,0.0
ti:436009291,8,859,ref|NC_072399.1|,82460831,82461685,0,3,99.649,852,855,859,0.0
ti:434475302,8,623,ref|NC_072410.1|,105661075,105660460,3,0,99.513,613,616,623,0.0
ti:435821283,4,780,ref|NC_072406.1|,66412666,66411893,2,5,99.100,771,778,784,0.0
ti:434825077,7,931,ref|NC_072412.1|,79673994,79673059,2,9,98.611,923,936,937,0.0
ti:433480790,58,965,ref|NC_072400.1|,85907262,85908184,4,15,97.941,904,923,972,0.0
ti:434882604,1,879,ref|NC_072410.1|,27476075,27475197,1,0,99.886,878,879,879,0.0
ti:437139645,1,201,ref|NC_072417.1|,6496709,6496508,4,1,97.525,197,202,201,7.42e-90
ti:434813555,9,851,ref|NC_072416.1|,78536390,78537232,2,2,99.526,840,844,851,0.0
ti:434813477,1,889,ref|NC_072409.1|,20857676,20858571,5,6,98.661,884,896,889,0.0
ti:434809933,4,107,ref|NC_072414.1|,72223133,72223028,1,2,97.170,103,106,107,1.58e-40
ti:437082977,14,878,ref|NC_072413.1|,78601535,78600661,3,10,98.514,862,875,878,0.0
ti:433494819,51,943,ref|NC_072409.1|,132409042,132409950,5,16,97.690,888,909,943,0.0
ti:437130571,52,793,ref|NC_072407.1|,109604240,109604985,2,2,99.196,740,746,794,0.0
ti:434834474,1,611,ref|NC_072403.1|,5213328,5212713,3,1,98.701,608,616,611,0.0
ti:436089286,52,817,ref|NC_072409.1|,82609414,82610173,0,5,99.217,760,766,817,0.0
ti:433498173,58,964,ref|NC_072421.1|,89666315,89667232,2,11,98.584,905,918,964,0.0
ti:436557581,58,981,ref|NC_072410.1|,35238751,35237801,1,25,97.056,923,951,1029,0.0
ti:434818522,5,920,ref|NC_072402.1|,169952096,169951166,14,14,96.885,902,931,922,0.0
ti:434471609,7,758,ref|NC_072421.1|,36331634,36332385,14,2,97.875,737,753,758,0.0
ti:434815869,1,488,ref|NC_072410.1|,111082313,111081826,5,0,98.975,483,488,488,0.0
ti:434852747,8,822,ref|NC_072399.1|,67988837,67988022,5,3,99.021,809,817,822,0.0
ti:437119266,10,610,ref|NC_072403.1|,68685461,68686062,3,1,99.336,598,602,610,0.0
ti:434882128,7,801,ref|NC_072402.1|,177791857,177792646,0,5,99.371,790,795,801,0.0
ti:434831953,57,954,ref|NC_072402.1|,102841516,102842427,1,11,98.355,897,912,954,0.0
ti:436373074,8,823,ref|NC_072411.1|,52879911,52879098,7,2,98.897,807,816,823,0.0
ti:437104235,50,831,ref|NC_072403.1|,44614109,44613331,0,8,98.601,775,786,832,0.0
ti:433973357,58,922,ref|NC_072421.1|,86210167,86211035,1,4,99.425,864,869,922,0.0
ti:436410091,47,829,ref|NC_072401.1|,172153224,172152445,0,3,99.617,780,783,829,0.0
ti:436555918,14,911,ref|NC_072402.1|,44242355,44243255,0,3,99.667,898,901,914,0.0
ti:435816699,55,1009,ref|NC_072406.1|,120513992,120514973,1,22,97.149,954,982,1019,0.0
ti:436002797,58,931,ref|NC_072400.1|,134218585,134219468,0,8,98.869,874,884,938,0.0
ti:436092948,56,789,ref|NC_072405.1|,18392207,18392939,0,1,99.864,733,734,789,0.0
ti:436078289,1,867,ref|NC_072403.1|,165212267,165213135,1,2,99.655,866,869,867,0.0
ti:436001523,8,922,ref|NC_072402.1|,76927883,76926953,5,15,97.744,910,931,924,0.0
ti:436077231,6,796,ref|NC_072404.1|,96093794,96093012,3,7,98.609,780,791,796,0.0
ti:433976619,9,780,ref|NC_072414.1|,67398761,67399531,9,1,98.705,762,772,780,0.0
ti:433485445,10,418,ref|NC_072407.1|,20852185,20852593,6,0,98.533,403,409,418,0.0
ti:436412281,47,804,ref|NC_072411.1|,89518253,89519001,2,9,98.549,747,758,804,0.0
ti:434433995,53,682,ref|NC_072399.1|,17446601,17445976,1,4,99.206,625,630,686,0.0
ti:437118906,54,784,ref|NC_072402.1|,37880512,37879783,2,1,99.590,728,731,784,0.0
ti:434776193,1,772,ref|NC_072416.1|,75213625,75214383,6,9,97.539,753,772,772,0.0
ti:436014547,56,642,ref|NC_072417.1|,31193563,31192976,2,1,99.490,585,588,646,0.0
ti:435772026,1,874,ref|NC_072401.1|,165396345,165397231,3,13,98.196,871,887,876,0.0
ti:436378272,58,901,ref|NC_072401.1|,76291286,76290429,2,11,98.135,842,858,918,0.0
ti:437083043,10,887,ref|NC_072408.1|,9689980,9689090,27,12,95.511,851,891,895,0.0
ti:433896700,57,955,ref|NC_072410.1|,101636932,101637843,2,11,98.355,897,912,958,0.0
ti:436423438,58,871,ref|NC_072422.1|,6331949,6331132,0,4,99.511,814,818,880,0.0
ti:435812949,52,528,ref|NC_072412.1|,44626430,44625954,3,0,99.371,474,477,528,0.0
ti:436552609,14,840,ref|NC_072401.1|,150786608,150787435,3,3,99.276,823,829,840,0.0
ti:434468284,7,794,ref|NC_072408.1|,42821081,42821864,2,6,98.986,781,789,794,0.0
ti:436008473,15,891,ref|NC_072400.1|,46671863,46672743,1,4,99.432,876,881,895,0.0
ti:434806645,51,769,ref|NC_072416.1|,57981914,57981196,2,2,99.444,716,720,769,0.0
ti:435989562,9,790,ref|NC_072419.1|,29131800,29132584,1,3,99.490,781,785,790,0.0
ti:433500732,56,922,ref|NC_072403.1|,4731587,4732471,1,11,97.853,866,885,923,0.0
ti:434828991,56,909,ref|NC_072405.1|,141231857,141232717,2,11,98.494,850,863,914,0.0
ti:436549631,1,231,ref|NC_072398.1|,13640324,13640555,4,1,97.845,227,232,231,8.27e-106
ti:435998898,52,817,ref|NC_072398.1|,161788095,161787329,1,1,99.739,765,767,817,0.0
ti:433478102,7,835,ref|NC_072414.1|,70055070,70054240,6,2,99.037,823,831,835,0.0
ti:433524331,9,793,ref|NC_072405.1|,21287481,21288262,1,3,99.490,781,785,793,0.0
ti:437129810,47,792,ref|NC_072403.1|,131752838,131752093,1,0,99.866,745,746,792,0.0
ti:437075402,60,555,ref|NC_072403.1|,146275716,146276211,2,0,99.597,494,496,555,0.0
ti:436610686,50,779,ref|NC_072416.1|,45544214,45543490,2,5,99.041,723,730,780,0.0
ti:435840408,46,777,ref|NC_072405.1|,111465903,111466633,3,1,99.454,728,732,777,0.0
ti:435804248,49,886,ref|NC_072403.1|,30229637,30230479,0,5,99.407,838,843,886,0.0
ti:435761017,57,942,ref|NC_072398.1|,116642859,116641971,0,3,99.663,886,889,945,0.0
ti:433511747,63,835,ref|NC_072400.1|,31146030,31145258,13,0,98.318,760,773,835,0.0
ti:434838614,58,822,ref|NC_072408.1|,75700233,75699453,1,2,97.823,764,781,822,0.0
ti:434772774,1,635,ref|NC_072408.1|,104508264,104508896,10,4,97.488,621,637,635,0.0
ti:437112501,13,811,ref|NC_072405.1|,92223298,92224096,1,2,99.625,797,800,811,0.0
ti:435986097,58,929,ref|NC_072402.1|,16063647,16062764,1,14,98.305,870,885,931,0.0
ti:434771261,49,720,ref|NC_072406.1|,25262979,25263648,0,4,99.406,669,673,720,0.0
ti:434851675,58,953,ref|NC_072421.1|,94494965,94494057,2,12,98.350,894,909,956,0.0
ti:433515944,58,868,ref|NC_072416.1|,46250142,46249325,3,7,98.778,808,818,868,0.0
ti:436454212,47,775,ref|NC_072409.1|,47802505,47801778,0,1,99.863,728,729,775,0.0
ti:433492530,58,197,ref|NC_072405.1|,147274791,147274930,6,0,95.714,134,140,197,3.26e-56
ti:434855781,52,980,ref|NC_072404.1|,165765051,165766005,3,22,96.963,926,955,987,0.0
ti:433970010,52,791,ref|NC_072401.1|,107693311,107692573,0,1,99.865,739,740,791,0.0
ti:435767737,9,766,ref|NC_072408.1|,39812477,39811722,4,2,99.208,752,758,766,0.0
ti:435804167,58,909,ref|NC_072414.1|,68107436,68108290,1,3,99.532,851,855,909,0.0
ti:436612672,6,820,ref|NC_072401.1|,148751353,148750540,3,1,99.509,811,815,820,0.0
ti:433899098,1,441,ref|NC_072399.1|,39418984,39419424,15,0,96.599,426,441,441,0.0
ti:434476011,58,771,ref|NC_072404.1|,103935007,103935720,5,5,98.189,705,718,771,0.0
ti:437073526,47,789,ref|NC_072408.1|,83687342,83688084,0,0,100.000,743,743,789,0.0
ti:433971560,7,659,ref|NC_072400.1|,11705734,11705080,6,2,98.779,647,655,659,0.0
ti:434851321,9,770,ref|NC_072401.1|,680218,679459,11,2,98.294,749,762,770,0.0
ti:434465184,9,808,ref|NC_072400.1|,112361574,112362370,5,3,99.000,792,800,811,0.0
ti:436630104,12,787,ref|NC_072406.1|,107913548,107912775,0,2,99.742,774,776,788,0.0
ti:434856636,56,812,ref|NC_072419.1|,13908279,13909032,1,2,99.472,753,757,812,0.0
ti:437072348,55,104,ref|NC_072399.1|,59011465,59011514,5,0,90.000,45,50,104,1.46e-09
ti:436630538,9,808,ref|NC_072404.1|,54990535,54989739,7,4,98.502,789,801,808,0.0
ti:435774926,51,483,ref|NC_072398.1|,175282875,175283307,2,0,99.538,431,433,483,0.0
ti:436412923,48,658,ref|NC_072405.1|,98633480,98632870,1,0,99.836,610,611,660,0.0
ti:434477422,49,186,ref|NC_072415.1|,90995108,90994971,4,0,97.101,134,138,186,7.64e-58
ti:435991647,55,952,ref|NC_072409.1|,40555223,40556134,1,14,98.355,897,912,954,0.0
ti:435804914,9,806,ref|NC_072405.1|,27280202,27279407,1,2,99.624,795,798,806,0.0
ti:435767350,7,934,ref|NC_072402.1|,60109644,60110578,5,6,98.717,923,935,934,0.0
ti:435767977,8,737,ref|NC_072398.1|,13729141,13729855,11,4,96.438,704,730,737,0.0
ti:435994264,1,283,ref|NC_072420.1|,31507685,31507976,5,11,94.539,277,293,283,2.54e-115
ti:433516526,9,927,ref|NC_072400.1|,135521439,135522364,1,6,99.136,918,926,927,0.0
ti:435809285,45,865,ref|NC_072402.1|,101112859,101113680,0,3,99.635,820,823,865,0.0
ti:436389364,43,825,ref|NC_072398.1|,157220024,157219242,3,0,99.617,780,783,825,0.0
ti:436552202,13,375,ref|NC_072398.1|,221912248,221912610,3,2,98.626,359,364,375,5.15e-175
ti:434839206,8,884,ref|NC_072421.1|,29739992,29739109,4,7,98.756,873,884,891,0.0
ti:433509314,1,700,ref|NC_072418.1|,14089321,14088621,3,1,99.429,697,701,700,0.0
ti:434784472,58,955,ref|NC_072410.1|,72375110,72376016,0,8,99.008,898,907,958,0.0
ti:435995660,58,887,ref|NC_072400.1|,49516143,49515301,1,12,98.339,829,843,904,0.0
ti:436492172,54,835,ref|NC_072403.1|,56219145,56219927,5,1,99.234,777,783,838,0.0
ti:436645006,46,827,ref|NC_072403.1|,79486343,79487122,2,2,99.488,778,782,829,0.0
ti:436637405,14,915,ref|NC_072407.1|,87338316,87339221,1,2,99.448,901,906,915,0.0
ti:433893916,1,136,ref|NC_072400.1|,99448642,99448790,4,12,88.591,132,149,136,1.19e-36
ti:435811221,52,742,ref|NC_072407.1|,41274298,41274987,0,1,99.855,690,691,742,0.0
ti:434471014,1,915,ref|NC_072400.1|,73530751,73531667,3,2,99.455,912,917,915,0.0
ti:436603597,10,839,ref|NC_072401.1|,128046214,128045394,0,7,98.916,821,830,846,0.0
ti:434879085,1,451,ref|NC_072419.1|,46974067,46974517,12,0,97.339,439,451,451,0.0
ti:435804081,14,890,ref|NC_072420.1|,17820986,17821870,2,8,98.870,875,885,893,0.0
ti:435765003,1,863,ref|NC_072408.1|,121878073,121878938,5,3,99.076,858,866,863,0.0
ti:437140186,13,772,ref|NC_072422.1|,28114051,28113293,1,1,99.737,758,760,772,0.0
ti:435760669,9,869,ref|NW_026546082.1|,1910,1045,3,5,99.076,858,866,869,0.0
ti:436611470,1,262,ref|NC_072405.1|,161582458,161582194,1,3,98.491,261,265,262,7.71e-123
ti:436458233,13,987,ref|NC_072402.1|,90952837,90953838,2,22,97.106,973,1002,987,0.0
ti:433973399,58,900,ref|NC_072401.1|,53381854,53381006,3,6,98.940,840,849,900,0.0
ti:436604662,9,832,ref|NC_072406.1|,139718074,139717254,1,5,99.273,819,825,832,0.0
ti:434873807,1,770,ref|NC_072402.1|,42113147,42112379,2,1,99.610,767,770,770,0.0
ti:433515953,58,862,ref|NC_072418.1|,5579112,5578283,4,21,96.506,801,830,892,0.0
ti:436465505,51,888,ref|NC_072401.1|,70287622,70288467,1,8,98.936,837,846,888,0.0
ti:437138026,47,446,ref|NC_072409.1|,82823354,82823753,3,0,99.250,397,400,446,0.0
ti:435773946,1,927,ref|NC_072405.1|,35528949,35529884,0,9,99.038,927,936,927,0.0
ti:433528836,58,909,ref|NC_072406.1|,61704040,61703184,2,5,99.183,850,857,909,0.0
ti:435989125,1,277,ref|NC_072402.1|,185704426,185704147,0,3,98.929,277,280,277,1.99e-132
ti:436555984,8,931,ref|NC_072405.1|,65104484,65103554,4,7,98.818,920,931,933,0.0
ti:436555913,15,339,ref|NC_072417.1|,56847830,56848156,0,1,99.388,325,327,339,4.18e-160
ti:436636339,1,436,ref|NC_072419.1|,47008725,47009158,15,1,96.101,419,436,436,0.0
ti:434837664,9,933,ref|NC_072403.1|,154958566,154957632,6,11,98.077,918,936,935,0.0
ti:433519795,48,932,ref|NC_072407.1|,84239893,84238998,1,11,98.661,884,896,932,0.0
ti:433484798,13,835,ref|NC_072402.1|,11335531,11334709,9,0,98.906,814,823,835,0.0
ti:434858977,47,767,ref|NC_072414.1|,56334464,56333744,1,3,99.308,718,723,767,0.0
ti:433970412,58,910,ref|NC_072413.1|,7467341,7466484,4,5,98.951,849,858,913,0.0
ti:434471700,1,736,ref|NC_072415.1|,84461114,84460389,23,7,95.516,703,736,736,0.0
ti:433886668,58,903,ref|NC_072414.1|,46461770,46460936,0,2,98.465,834,847,903,0.0
ti:436616315,41,512,ref|NC_072404.1|,99578338,99577863,0,4,99.160,472,476,525,0.0
ti:435816530,8,935,ref|NC_072398.1|,123004182,123005118,3,7,98.719,925,937,935,0.0
ti:434430912,1,918,ref|NC_072411.1|,85172951,85173884,8,15,97.430,910,934,918,0.0
ti:436084892,44,808,ref|NC_072418.1|,45212714,45211953,3,3,99.216,759,765,808,0.0
ti:433985619,58,488,ref|NC_072403.1|,46930378,46929948,0,0,100.000,431,431,488,0.0
ti:433898476,8,787,ref|NC_072415.1|,69176998,69177774,5,3,98.974,772,780,787,0.0
ti:435988272,57,773,ref|NC_072412.1|,57208582,57207864,1,2,99.583,716,719,773,0.0
ti:436014443,51,817,ref|NC_072398.1|,71340371,71339609,1,4,99.348,762,767,818,0.0
ti:433502501,67,914,ref|NC_072398.1|,59694517,59695378,3,12,98.028,845,862,917,0.0
ti:433899365,51,760,ref|NC_072403.1|,112768428,112767719,8,2,98.594,701,711,761,0.0
ti:436634021,58,793,ref|NC_072414.1|,82232110,82232844,0,1,99.864,735,736,793,0.0
ti:436554931,14,908,ref|NC_072421.1|,148728004,148727096,0,12,98.460,895,909,908,0.0
ti:435829588,45,211,ref|NC_072415.1|,51924333,51924167,2,0,98.802,165,167,211,6.09e-76
ti:437072760,46,941,ref|NC_072398.1|,207171164,207170244,2,20,97.068,894,921,943,0.0
ti:435988197,57,945,ref|NC_072403.1|,46353977,46354880,8,15,97.456,881,904,954,0.0
ti:434779766,7,445,ref|NC_072401.1|,4561867,4561429,1,0,99.772,438,439,445,0.0
ti:434781074,59,996,ref|NC_072402.1|,91358816,91359774,0,18,97.810,938,959,1034,0.0
ti:436492002,52,939,ref|NC_072401.1|,49739425,49740318,0,4,99.329,888,894,939,0.0
ti:433483202,42,660,ref|NC_072400.1|,101030487,101031105,3,0,99.515,616,619,660,0.0
ti:434428621,47,631,ref|NC_072401.1|,55506973,55507556,8,2,98.123,575,586,631,0.0
ti:435996820,6,788,ref|NC_072409.1|,101923951,101924731,3,2,99.361,778,783,788,0.0
ti:434780194,1,558,ref|NC_072405.1|,61653407,61653964,22,3,94.316,531,563,558,0.0
ti:435833814,6,789,ref|NC_072416.1|,40416181,40416961,11,3,98.214,770,784,789,0.0
ti:436550249,6,740,ref|NC_072421.1|,141673902,141673168,10,0,98.639,725,735,740,0.0
ti:434883708,10,977,ref|NC_072408.1|,19341823,19340830,38,24,93.561,930,994,977,0.0
ti:436011743,8,862,ref|NC_072405.1|,154989384,154990239,6,1,99.182,849,856,862,0.0
ti:434824888,58,904,ref|NC_072401.1|,171587542,171588392,0,4,99.530,847,851,904,0.0
ti:434776968,54,785,ref|NC_072405.1|,110009103,110008378,7,6,98.224,719,732,786,0.0
ti:436385656,56,970,ref|NC_072402.1|,184308134,184309055,0,7,99.241,915,922,970,0.0
ti:433886581,58,875,ref|NC_072408.1|,13733226,13732406,6,3,98.904,812,821,875,0.0
ti:434810080,58,695,ref|NC_072401.1|,123422497,123421859,1,1,99.687,637,639,695,0.0
ti:434768851,1,271,ref|NC_072405.1|,66465304,66465574,17,0,93.727,254,271,271,4.53e-111
ti:436556506,55,993,ref|NC_072416.1|,73986857,73987815,0,18,97.914,939,959,1001,0.0
ti:436381175,14,941,ref|NC_072414.1|,54176460,54177394,4,8,98.611,923,936,941,0.0
ti:437141023,9,789,ref|NC_072420.1|,28820417,28819638,3,3,99.233,776,782,789,0.0
ti:436410285,45,752,ref|NC_072405.1|,32784428,32783724,1,2,99.435,704,708,754,0.0
ti:434807841,58,994,ref|NC_072413.1|,11259290,11258330,5,21,96.982,932,961,1011,0.0
ti:434867025,58,987,ref|NC_072409.1|,86940222,86941172,1,18,97.687,929,951,1018,0.0
ti:437083672,58,901,ref|NC_072407.1|,14884833,14885687,2,10,98.480,842,855,903,0.0
ti:435816478,1,967,ref|NC_072405.1|,122673000,122673984,17,16,96.447,950,985,977,0.0
