ti:269937517,2,585,chr20,33414816,33415399,15,0,97.432,569,584,585,0.0
ti:269743468,1,650,chr7,98685595,98684947,7,3,98.160,640,652,650,0.0
ti:270118060,3,628,chr22,16874811,16874177,10,4,97.008,616,635,628,0.0
ti:270219999,1,831,chr13,104093568,104092734,25,2,96.527,806,835,831,0.0
ti:271253934,1,169,chr4,139761617,139761785,7,0,95.858,162,169,169,3.42e-70
ti:269717001,1,669,chr5,122252791,122253473,9,6,96.345,659,684,669,0.0
ti:269902207,1,898,chr2,199856922,199856025,9,4,98.556,887,900,898,0.0
ti:270821588,1,590,chr4,38527366,38527955,8,0,98.644,582,590,590,0.0
ti:271300856,1,498,chr11,93784873,93784378,7,2,98.193,489,498,502,0.0
ti:269763867,1,515,chr9,80765056,80764541,14,1,97.093,501,516,515,0.0
ti:270548414,1,826,chr8,130314682,130315508,17,1,97.823,809,827,826,0.0
ti:270532915,1,196,chr17,22249997,22250192,20,0,89.796,176,196,196,1.92e-67
ti:269905071,44,614,chr16,24095150,24095720,3,0,99.475,568,571,614,0.0
ti:270729992,1,652,chr5,58419890,58420541,9,0,98.620,643,652,652,0.0
ti:269784658,2,747,chr12,103494339,103493593,12,1,98.260,734,747,747,0.0
ti:271357230,2,708,chr2,156810577,156809870,13,3,97.743,693,709,708,0.0
ti:269793538,1,656,chr16,33335909,33335254,3,2,99.239,652,657,656,0.0
ti:269897538,1,840,chrX,7540210,7539373,21,4,97.027,816,841,840,0.0
ti:269784206,2,653,chr12,121463216,121462574,14,4,95.872,627,654,655,0.0
ti:271091367,1,681,chr8,15484139,15484818,6,2,98.680,673,682,681,0.0
ti:270124239,1,682,chr17,6480272,6480954,17,1,97.365,665,683,682,0.0
ti:270186553,8,798,chr1,192399749,192400538,20,1,97.345,770,791,798,0.0
ti:270775130,1,609,chr10,99471880,99471276,9,1,97.865,596,609,609,0.0
ti:269862103,4,701,chr4,161631898,161631202,6,4,98.429,689,700,701,0.0
ti:269782587,1,660,chr10,71094295,71093633,10,2,98.039,650,663,660,0.0
ti:271086062,1,534,chr12,3512557,3512024,9,2,97.575,523,536,534,0.0
ti:270982793,2,559,chr7,75150911,75151469,10,1,98.032,548,559,559,0.0
ti:271416747,1,571,chr15,86038894,86039466,15,3,96.348,554,575,571,0.0
ti:269920832,1,844,chr2,215122110,215122957,11,2,98.231,833,848,844,0.0
ti:271403210,1,750,chr2,138278333,138277604,20,1,94.667,710,750,751,0.0
ti:269918322,72,566,chrUn_gl000211,29212,29706,6,0,98.788,489,495,566,0.0
ti:269931154,2,771,chr18,11621964,11622735,19,1,97.280,751,772,771,0.0
ti:269756247,1,696,chr13,31925045,31924350,9,0,98.707,687,696,696,0.0
ti:271440338,1,793,chr5,58632893,58633686,20,1,97.355,773,794,793,0.0
ti:270827504,1,682,chr1,121355516,121354834,75,5,88.047,604,686,682,0.0
ti:269934656,1,786,chr19,49390022,49389242,20,4,96.320,759,788,786,0.0
ti:270905188,16,613,chr15,89718473,89717870,7,2,97.848,591,604,613,0.0
ti:270909962,1,710,chr2,18357907,18357194,14,3,97.479,696,714,710,0.0
ti:270730686,1,555,chr5,174267597,174267042,14,1,97.302,541,556,555,0.0
ti:271098669,4,535,chr2,109815787,109816307,68,5,84.803,452,533,585,1.83e-161
ti:271454583,1,712,chr15,87114638,87115348,20,3,96.774,690,713,712,0.0
ti:269936421,1,691,chr15,30564777,30565467,5,0,99.276,686,691,691,0.0
ti:269725151,1,657,chr2,20997399,20998056,11,3,97.876,645,659,657,0.0
ti:269771801,2,709,chr2,99265255,99265961,11,3,98.025,695,709,709,0.0
ti:269746346,1,656,chr1,54451576,54452232,6,1,98.935,650,657,656,0.0
ti:269736592,1,737,chr2,48613942,48614688,11,12,96.925,725,748,744,0.0
ti:269744721,1,696,chr8,113935546,113934849,13,4,97.568,682,699,696,0.0
ti:269755914,1,675,chr13,40273401,40274076,5,1,99.112,670,676,675,0.0
ti:269746532,1,587,chr8,113864663,113865253,16,1,96.616,571,591,587,0.0
ti:269725672,3,686,chr10,42398278,42398961,69,2,89.635,614,685,687,0.0
ti:269778380,1,545,chr15,59659864,59660405,15,3,96.697,527,545,596,0.0
ti:271442582,1,394,chr2,126823974,126823582,9,1,97.462,384,394,394,0.0
ti:271096037,1,678,chr15,96254265,96254943,5,1,99.116,673,679,678,0.0
ti:269917337,74,703,chr1,71844915,71844285,15,2,97.152,614,632,703,0.0
ti:269794615,1,652,chr10,75671982,75671330,12,1,98.009,640,653,652,0.0
ti:270190850,4,779,chr5,111159138,111158359,9,1,98.333,767,780,779,0.0
ti:269927773,1,341,chr13,22915537,22915197,22,0,93.548,319,341,341,5.95e-142
ti:269804792,19,685,chrX,57480615,57481281,5,0,99.250,662,667,685,0.0
ti:271091313,1,697,chr4,36225669,36224960,7,2,97.183,690,710,697,0.0
ti:270753750,1,608,chr15,82993656,82993050,17,3,96.716,589,609,608,0.0
ti:269747332,2,627,chr6,69491551,69490931,7,2,98.083,614,626,627,0.0
ti:269714731,17,522,chr3,165480350,165479845,23,4,94.685,481,508,522,0.0
ti:270910762,1,693,chr14,25128596,25129288,19,3,96.691,672,695,693,0.0
ti:270811973,164,506,chr7,93836044,93836391,72,15,72.905,261,358,535,1.21e-38
ti:271433604,71,797,chr2,101831639,101832365,14,0,98.074,713,727,797,0.0
ti:270833442,1,688,chr6,138816240,138816927,10,0,98.547,678,688,688,0.0
ti:270191433,1,820,chr13,70133277,70132454,26,1,96.359,794,824,820,0.0
ti:271460508,1,772,chr10,54273295,54274067,12,1,98.318,760,773,772,0.0
ti:269832245,1,670,chr7,72427641,72426972,10,0,98.507,660,670,670,0.0
ti:271246207,1,677,chr8,40959909,40960589,12,1,97.651,665,681,678,0.0
ti:270537427,68,821,chrX,31108495,31107742,10,0,98.674,744,754,821,0.0
ti:269845496,15,697,chr12,108798165,108798849,7,4,98.397,675,686,697,0.0
ti:269768102,1,702,chr1,227627909,227628615,8,5,98.161,694,707,702,0.0
ti:269734015,1,493,chr19,56679648,56680146,16,3,95.591,477,499,493,0.0
ti:270548975,80,795,chrX,68781843,68782559,14,1,97.908,702,717,795,0.0
ti:271301832,18,694,chr4,117607539,117606866,23,2,96.160,651,677,694,0.0
ti:269712006,1,643,chr13,31496154,31495512,3,0,99.533,640,643,643,0.0
ti:269767265,1,660,chr4,125006232,125005568,10,4,95.394,642,673,660,0.0
ti:269885845,1,667,chr18,48434745,48435419,25,6,94.822,641,676,667,0.0
ti:271430796,63,619,chr7,117209788,117210338,7,5,97.312,543,558,619,0.0
ti:269936516,86,743,chr20,29829299,29829936,92,9,82.148,543,661,743,7.61e-177
ti:269906743,1,610,chr9,38360222,38359613,43,0,92.951,567,610,610,0.0
ti:269893187,2,355,chr7,146861800,146861444,9,3,96.639,345,357,355,3.66e-161
ti:270121318,6,744,chr2,66197999,66197263,15,4,97.432,721,740,744,0.0
ti:270528025,1,716,chr8,94766871,94766156,10,0,98.603,706,716,716,0.0
ti:270218546,1,375,chr1,194346581,194346955,18,0,95.200,357,375,379,2.09e-165
ti:269832480,1,652,chr7,75024110,75024760,19,2,96.631,631,653,652,0.0
ti:271090811,1,678,chr6,112314133,112314811,6,1,98.969,672,679,678,0.0
ti:270212302,1,430,chr1,114590641,114591069,10,1,97.442,419,430,613,0.0
ti:271457518,77,819,chr2,163843059,163843805,10,1,98.126,733,747,819,0.0
ti:270837989,1,796,chr10,59539564,59538759,27,9,95.409,769,806,798,0.0
ti:270201601,1,864,chr8,26646989,26647852,14,0,98.380,850,864,864,0.0
ti:270201558,1,718,chr16,60829247,60828530,19,2,97.079,698,719,718,0.0
ti:269741145,7,690,chr12,90077190,90077877,7,4,98.401,677,688,690,0.0
ti:270204051,1,235,chr6,78883624,78883395,10,1,93.617,220,235,235,4.64e-94
ti:270829593,4,698,chr4,25513514,25514209,2,1,99.569,693,696,698,0.0
ti:270196524,1,863,chr6,120192658,120193526,13,2,97.814,850,869,863,0.0
ti:269913749,1,650,chr3,58028151,58028802,9,1,98.313,641,652,650,0.0
ti:269945205,1,679,chr6,84234573,84235252,6,1,98.971,673,680,679,0.0
ti:269755696,2,738,chr3,69462066,69462801,11,5,97.835,723,739,738,0.0
ti:270827754,1,676,chr10,99422354,99423030,5,1,99.114,671,677,676,0.0
ti:271426102,1,734,chr3,75068549,75069282,7,0,99.046,727,734,734,0.0
ti:271090951,4,654,chr12,128516878,128517523,15,3,96.325,629,653,654,0.0
ti:271456418,1,655,chr22,35452195,35451541,12,2,97.866,642,656,655,0.0
ti:269843746,2,798,chr20,9715054,9715849,9,1,98.745,787,797,798,0.0
ti:269907336,1,744,chr11,90290348,90289602,24,5,95.861,718,749,744,0.0
ti:269754690,1,706,chr10,34136119,34136825,8,1,98.727,698,707,706,0.0
ti:269857221,5,704,chrX,20399216,20399916,11,3,98.006,688,702,704,0.0
ti:270217076,1,819,chr8,114090622,114091440,13,0,98.413,806,819,819,0.0
ti:271465346,1,373,chr4,78703048,78703420,12,0,96.783,361,373,373,2.33e-172
ti:269717948,2,502,chr6,35098197,35097696,12,1,97.410,489,502,502,0.0
ti:271434895,1,839,chr2,40969746,40968923,18,3,95.368,803,842,839,0.0
ti:271407667,1,780,chr9,128222309,128223085,19,6,96.675,756,782,780,0.0
ti:269753929,1,658,chr1,241676988,241676332,6,1,98.936,651,658,658,0.0
ti:269769329,2,728,chr6,52585844,52586571,7,3,98.628,719,729,728,0.0
ti:269743639,2,584,chr6,57405299,57405882,11,1,97.945,572,584,584,0.0
ti:271087366,1,712,chr1,16278079,16278791,9,1,98.597,703,713,712,0.0
ti:270186921,3,798,chr10,12369412,12368654,21,3,92.714,738,796,798,0.0
ti:269783184,1,607,chr13,49806904,49806298,6,0,99.012,601,607,607,0.0
ti:270201424,74,772,chr14,88175347,88176047,11,1,98.146,688,701,772,0.0
ti:270896423,1,679,chr2,23316136,23315459,10,1,98.380,668,679,679,0.0
ti:269723621,1,736,chr8,64198029,64197254,19,9,92.149,716,777,736,0.0
ti:271420619,1,664,chr15,47914845,47914186,15,1,97.139,645,664,664,0.0
ti:270730498,6,715,chr4,143998536,143997825,3,2,99.298,707,712,715,0.0
ti:269720670,1,727,chrX,31348484,31349212,11,2,98.217,716,729,727,0.0
ti:271425565,1,484,chr12,123369743,123370224,18,1,95.868,464,484,559,0.0
ti:270194658,1,379,chr1,228260090,228260468,8,0,97.889,371,379,379,0.0
ti:270842391,1,642,chr16,77539060,77539705,7,4,98.297,635,646,642,0.0
ti:269750743,1,667,chr12,118419062,118419734,5,4,98.366,662,673,667,0.0
ti:270876378,1,602,chr3,132223099,132222495,10,3,97.525,591,606,602,0.0
ti:269720651,1,749,chr5,71755630,71756399,4,2,96.753,745,770,749,0.0
ti:270751621,1,658,chrX,107084899,107085542,4,2,96.965,639,659,658,0.0
ti:270844601,1,603,chr17,72426466,72425864,18,0,97.015,585,603,603,0.0
ti:271295762,1,667,chr10,30216615,30217283,17,1,97.160,650,669,667,0.0
ti:269860538,1,676,chr1,109095115,109095788,6,2,98.817,668,676,676,0.0
ti:271468328,1,471,chr10,106790707,106790246,16,2,94.692,446,471,471,0.0
ti:270847718,2,671,chr2,43921066,43921737,15,2,97.470,655,672,671,0.0
ti:269798938,1,664,chr5,157455802,157456462,10,1,98.042,651,664,664,0.0
ti:269826628,15,647,chr7,76559412,76558776,3,1,98.901,630,637,647,0.0
ti:269718061,1,689,chr17,54941397,54940706,11,3,97.977,678,692,689,0.0
ti:270197702,9,735,chr4,184968311,184969040,19,1,96.986,708,730,735,0.0
ti:270893143,1,686,chr6,106199787,106200481,17,2,96.259,669,695,686,0.0
ti:269737250,1,566,chr2,46626630,46627197,14,2,97.183,552,568,566,0.0
ti:270200623,1,226,chrX,55652026,55651801,9,0,96.018,217,226,226,8.07e-98
ti:271080567,1,486,chr4,44846580,44847059,25,3,91.260,449,492,486,0.0
ti:271247039,1,698,chr21,10743699,10743001,96,5,85.592,600,701,700,0.0
ti:269770418,4,686,chr1,186784858,186785538,12,3,97.661,668,684,686,0.0
ti:269924814,1,852,chr2,109757988,109757139,28,3,96.249,821,853,852,0.0
ti:269723723,1,717,chr19,8533732,8534450,8,1,98.609,709,719,717,0.0
ti:270937764,1,672,chr2,63809548,63808875,5,2,98.961,667,674,672,0.0
ti:271407979,80,788,chr14,57776174,57776881,6,1,99.013,702,709,788,0.0
ti:269718152,1,694,chr12,63278946,63279640,12,3,97.845,681,696,694,0.0
ti:271448580,1,757,chr4,69553328,69554085,16,1,97.757,741,758,757,0.0
ti:271440497,48,564,chr9,44877875,44878392,71,3,85.742,445,519,564,1.10e-164
ti:270826299,2,648,chr14,86809190,86808544,7,0,98.918,640,647,648,0.0
ti:271098041,2,637,chr13,24748104,24748738,9,1,98.428,626,636,639,0.0
ti:270910552,1,668,chr4,68635681,68636348,11,0,98.353,657,668,668,0.0
ti:270893577,1,719,chr9,16530446,16529735,5,2,98.331,707,719,719,0.0
ti:271250491,5,677,chrX,24650681,24651353,8,0,98.811,665,673,677,0.0
ti:269923273,1,860,chr5,111088710,111087854,13,3,97.680,842,862,860,0.0
ti:269839708,1,644,chr3,171732874,171733517,11,0,98.292,633,644,644,0.0
ti:270212884,35,785,chrUn_gl000223,87998,87253,8,2,98.269,738,751,786,0.0
ti:271074337,1,581,chr16,76867391,76866809,8,2,98.285,573,583,581,0.0
ti:271108489,1,638,chr19,57036733,57037370,8,0,98.746,630,638,638,0.0
ti:271414526,85,692,chr5,76995971,76995360,16,1,96.732,592,612,692,0.0
ti:270901095,2,766,chr11,66606204,66606969,8,1,98.825,757,766,766,0.0
ti:269828560,12,709,chr7,101895611,101894915,7,1,98.854,690,698,709,0.0
ti:271406139,1,734,chr1,106824923,106824190,19,2,96.875,713,736,734,0.0
ti:270026641,1,662,chr5,34729813,34730475,8,1,98.643,654,663,662,0.0
ti:270931935,1,664,chr7,105090993,105091656,11,4,97.748,651,666,664,0.0
ti:270834514,1,694,chr9,105762826,105763520,12,3,97.845,681,696,694,0.0
ti:270537888,77,709,chr21,15487380,15488012,11,2,97.950,621,634,709,0.0
ti:271087833,2,617,chr3,112020745,112020128,9,2,98.220,607,618,623,0.0
ti:271453915,1,825,chrX,18684678,18685504,18,4,97.343,806,828,825,0.0
ti:269730177,1,676,chr16,78065668,78064987,23,3,95.748,653,682,676,0.0
ti:270894026,11,704,chr7,65341593,65342286,12,0,98.271,682,694,704,0.0
ti:269726913,1,705,chr4,104053765,104053061,4,0,99.433,701,705,705,0.0
ti:269785220,1,658,chr20,49821684,49822343,10,2,98.182,648,660,658,0.0
ti:269794587,1,662,chr16,86031474,86032135,15,0,97.734,647,662,662,0.0
ti:270208684,3,765,chr7,26670689,26669892,20,4,93.108,743,798,765,0.0
ti:269945036,2,668,chr1,172910307,172909639,14,2,97.608,653,669,668,0.0
ti:270828626,2,666,chr4,80556974,80556311,8,4,98.051,654,667,666,0.0
ti:269857552,1,733,chr3,197566426,197565695,4,3,99.046,727,734,733,0.0
ti:269767054,6,654,chr11,86965368,86964718,5,2,98.925,644,651,702,0.0
ti:270938949,2,634,chr19,18930853,18931478,10,3,97.314,616,633,634,0.0
ti:270725341,1,647,chr3,52375762,52375116,8,0,98.764,639,647,647,0.0
ti:269751667,4,704,chr11,99674316,99673616,12,0,98.288,689,701,704,0.0
ti:270767014,137,439,chrUn_gl000220,120150,120453,29,1,90.132,274,304,439,2.57e-110
ti:269742878,1,698,chr21,27731105,27730408,16,2,97.425,681,699,698,0.0
ti:269713629,12,729,chr2,155722704,155721987,9,2,98.470,708,719,729,0.0
ti:270751858,1,715,chr17,1911971,1912685,27,0,96.224,688,715,715,0.0
ti:271083390,1,651,chr7,111796378,111797026,8,1,98.464,641,651,651,0.0
ti:269907764,1,640,chr9,100676036,100675392,21,1,95.969,619,645,640,0.0
ti:269944689,1,707,chr16,22114309,22113603,3,2,99.294,703,708,707,0.0
ti:270469023,2,731,chr7,62786889,62787614,12,4,97.268,712,732,735,0.0
ti:270894250,1,707,chr22,36563412,36564118,9,2,98.446,697,708,707,0.0
ti:271412693,1,792,chr9,83535631,83534839,14,1,98.108,778,793,792,0.0
ti:269791238,5,702,chr2,142273242,142273939,10,0,98.567,688,698,702,0.0
ti:270015476,1,682,chr3,197493445,197494126,13,2,97.804,668,683,682,0.0
ti:269722868,1,645,chr6,77210127,77209464,14,2,95.030,631,664,645,0.0
ti:269805139,21,673,chrX,57504193,57504845,20,0,96.937,633,653,674,0.0
ti:271069857,1,114,chr14,77384034,77383921,3,0,97.368,111,114,114,2.24e-46
ti:269717066,1,735,chrX,129051952,129052690,9,1,98.241,726,739,735,0.0
ti:270822541,1,671,chr8,63037315,63036645,13,0,98.063,658,671,671,0.0
ti:270934062,1,635,chr7,56191662,56191030,11,2,97.331,620,637,635,0.0
ti:270532429,1,780,chr7,56574944,56574167,21,1,97.051,757,780,780,0.0
ti:270187648,1,762,chr5,17660210,17659450,21,3,96.855,739,763,762,0.0
ti:269763948,1,628,chr6,131686169,131685543,3,1,99.363,624,628,628,0.0
ti:271406691,6,686,chr8,38690328,38691007,22,1,96.623,658,681,686,0.0
ti:269778563,1,625,chr18,77634155,77634779,12,0,98.080,613,625,625,0.0
ti:270547498,1,811,chr5,80766431,80767261,12,4,96.149,799,831,811,0.0
ti:270725893,4,689,chr2,59821934,59822623,9,2,97.543,675,692,689,0.0
ti:269944904,1,696,chr3,146060883,146061619,12,9,92.547,683,738,696,0.0
ti:271099490,1,702,chr6,7404090,7403388,5,3,98.864,696,704,702,0.0
ti:271298074,1,320,chr3,52140579,52140895,14,3,94.688,303,320,320,4.87e-135
ti:269883420,1,283,chr2,126969436,126969154,9,0,96.820,274,283,283,3.73e-128
ti:270827737,328,640,chr4,1540376,1540688,2,0,99.361,311,313,640,2.08e-153
ti:270202447,1,434,chr3,74974660,74974227,18,0,95.853,416,434,434,0.0
ti:269723585,2,674,chr10,121391425,121390752,9,1,98.516,664,674,674,0.0
ti:269916034,1,724,chr11,8343019,8342297,26,3,96.000,696,725,724,0.0
ti:270213009,1,148,chr16,786681,786534,11,0,92.568,137,148,148,1.05e-53
ti:271075780,1,715,chr7,28347647,28348362,6,1,99.022,709,716,715,0.0
ti:270017543,1,757,chr6,36197566,36198327,6,4,98.037,749,764,757,0.0
ti:271463141,1,689,chr6,40761357,40762051,21,2,95.833,667,696,689,0.0
ti:269788472,1,660,chr3,1823784,1823121,12,1,97.590,648,664,660,0.0
ti:269905376,1,864,chr13,91720148,91721014,22,3,97.116,842,867,864,0.0
ti:269722679,1,442,chr8,102383017,102383478,6,1,94.372,436,462,679,0.0
ti:270525894,91,801,chr1,48621119,48621836,11,2,97.493,700,718,802,0.0
ti:269745291,1,703,chr2,28338221,28337492,6,3,94.945,695,732,703,0.0
ti:269749253,1,678,chr16,56372274,56372951,8,0,98.820,670,678,678,0.0
ti:271407061,1,668,chr14,43803399,43804070,16,3,96.439,650,674,668,0.0
ti:269774460,2,687,chr12,31207221,31207914,10,5,95.157,668,702,687,0.0
ti:271091203,1,551,chr1,15804431,15804979,17,2,96.196,531,552,551,0.0
ti:271303303,2,704,chr5,134844696,134843994,16,0,97.724,687,703,704,0.0
ti:271446203,1,767,chr10,100884639,100885422,16,2,95.791,751,784,767,0.0
ti:269826071,20,695,chr7,76252678,76251999,9,4,97.507,665,682,695,0.0
ti:269887932,78,740,chr4,48435548,48434877,2,2,98.363,661,672,740,0.0
ti:270903453,8,658,chr13,48482828,48482178,13,2,97.397,636,653,658,0.0
ti:269710660,1,725,chr6,12384876,12384151,8,1,98.760,717,726,725,0.0
ti:271079114,2,659,chr10,30178462,30177805,22,0,96.657,636,658,659,0.0
ti:271436576,1,470,chr11,117654208,117653739,18,0,96.170,452,470,470,0.0
ti:270221881,1,615,chrX,23630732,23631343,15,2,97.073,597,615,615,0.0
ti:270933325,1,704,chr3,182859678,182860379,10,2,98.295,692,704,704,0.0
ti:269801831,14,694,chr19,52073912,52074592,9,0,98.678,672,681,694,0.0
ti:271073340,1,728,chr4,140732388,140731661,9,0,98.764,719,728,731,0.0
ti:269842352,1,620,chrX,146327951,146327330,13,2,97.588,607,622,620,0.0
ti:269783388,2,699,chr8,3571201,3570504,26,2,95.994,671,699,699,0.0
ti:269840171,1,628,chr19,14770556,14771183,9,2,98.251,618,629,628,0.0
ti:271093333,1,714,chr3,40703928,40703216,10,3,98.182,702,715,714,0.0
ti:271403558,1,162,chr6_dbb_hap3,2471941,2471780,15,0,90.741,147,162,162,8.58e-56
ti:269744352,1,581,chr10,26569286,26568706,10,0,98.279,571,581,585,0.0
ti:269779808,1,683,chr18,71027140,71026462,17,3,96.350,660,685,683,0.0
ti:271084136,1,676,chr1,246217574,246216899,17,3,96.903,657,678,676,0.0
ti:271431508,1,784,chr6,15473858,15473069,13,4,96.599,767,794,784,0.0
ti:269716540,6,438,chr10,914040,914472,9,2,96.110,420,437,438,0.0
ti:269793274,13,753,chr5,126063452,126064194,14,2,97.847,727,743,753,0.0
ti:269884798,2,853,chr1_gl000192_random,63217,62366,5,0,99.413,847,852,853,0.0
ti:271092821,4,697,chr17,63683743,63684437,9,1,98.561,685,695,697,0.0
ti:269897367,1,720,chr14,60044757,60044038,10,0,98.611,710,720,720,0.0
ti:270536005,1,495,chr5,63374651,63374151,30,4,92.430,464,502,495,0.0
ti:269883041,64,778,chr11,46825800,46826514,7,0,99.021,708,715,778,0.0
ti:271297634,1,705,chr5,27643807,27643102,13,1,98.017,692,706,705,0.0
ti:269919783,85,871,chr16,59385546,59386332,16,0,97.967,771,787,871,0.0
ti:269866077,2,648,chr16,90144188,90143542,5,0,99.227,642,647,648,0.0
ti:270528014,3,835,chr3,88610165,88609332,26,1,96.763,807,834,835,0.0
ti:270898498,29,503,chr1,26837351,26837825,7,0,98.526,468,475,503,0.0
ti:270225557,1,699,chr14,61683728,61683021,22,2,95.621,677,708,699,0.0
ti:270191068,2,863,chr3,64535413,64536274,8,0,99.072,854,862,863,0.0
ti:271080106,1,518,chr1,48479655,48480172,10,0,98.069,508,518,518,0.0
ti:269762792,3,609,chr7_gl000195_random,121362,120755,20,1,96.546,587,608,609,0.0
ti:271083296,1,369,chr1,165236308,165236679,12,2,95.968,357,372,369,5.93e-166
ti:269898041,1,819,chrX,129608606,129609409,18,6,95.493,784,821,819,0.0
ti:270915368,1,145,chr12,104980170,104980026,3,0,97.931,142,145,145,8.45e-63
ti:269933983,82,806,chr15,96522399,96521676,4,1,99.310,720,725,806,0.0
ti:271354623,1,669,chr4,18065623,18066293,5,2,98.661,663,672,669,0.0
ti:269754509,1,707,chr4,60771423,60770726,21,5,95.480,676,708,707,0.0
ti:269869731,1,693,chr7,132626705,132626033,8,2,95.677,664,694,693,0.0
ti:269756654,1,665,chr5,80295195,80294530,9,1,98.498,656,666,665,0.0
ti:270199884,80,821,chr21,36156911,36156171,6,1,99.057,735,742,821,0.0
ti:270905057,2,607,chrX,102501094,102501707,3,3,97.886,602,615,607,0.0
ti:271446393,1,641,chr9,44878891,44878252,60,2,90.187,579,642,641,0.0
ti:271083601,2,636,chr2,15463003,15462374,11,4,97.170,618,636,636,0.0
ti:269735723,2,702,chr5,56529312,56530014,7,2,98.720,694,703,702,0.0
ti:270541472,83,651,chr9,125375479,125376043,18,4,96.134,547,569,653,0.0
ti:270932579,1,584,chr16,61963319,61962735,15,1,97.265,569,585,584,0.0
ti:271353377,1,243,chr9,133578495,133578253,3,0,98.765,240,243,243,7.08e-115
ti:270019334,1,636,chr5,122529425,122530056,11,1,97.642,621,636,636,0.0
ti:271072805,1,531,chr4,29650724,29650191,13,1,97.004,518,534,531,0.0
ti:271429482,1,739,chr15,54923745,54923010,21,3,96.752,715,739,743,0.0
ti:271078385,1,629,chr10,67133796,67134424,18,2,96.825,610,630,629,0.0
ti:269891915,1,379,chr16,67533555,67533177,25,4,92.388,352,381,379,1.89e-150
ti:271107302,1,655,chr15,102132755,102132094,29,4,94.268,625,663,655,0.0
ti:269734546,1,708,chr14,62633353,62634060,13,0,98.164,695,708,708,0.0
ti:269849935,8,635,chr10,38697948,38697320,4,1,99.205,624,629,635,0.0
ti:270901934,1,629,chr12,3014739,3015368,8,2,98.257,620,631,629,0.0
ti:269931787,80,839,chr15,62573028,62573783,18,2,97.105,738,760,839,0.0
ti:269887536,1,843,chr3,171515579,171516421,17,4,97.515,824,845,843,0.0
ti:270726652,2,701,chr18,13093209,13092508,5,2,99.003,695,702,701,0.0
ti:271462191,1,667,chr11,95864055,95864721,21,2,96.557,645,668,667,0.0
ti:271411626,50,627,chr6,17167187,17166614,16,1,96.540,558,578,815,0.0
ti:271402415,1,558,chr17,47066220,47065662,33,1,93.918,525,559,576,0.0
ti:270907525,3,624,chr17,68405227,68405847,3,1,99.357,618,622,624,0.0
ti:270541991,79,669,chr10,57533748,57534336,27,4,94.764,561,592,669,0.0
ti:270468234,19,698,chr8,93824214,93824893,11,0,98.382,669,680,698,0.0
ti:271110718,21,701,chr2,79768570,79769255,17,3,96.793,664,686,701,0.0
ti:271093563,4,634,chr11,56702011,56702644,13,3,97.476,618,634,634,0.0
ti:271084969,1,580,chr1,95060588,95061153,12,6,94.511,551,583,580,0.0
ti:269737654,1,699,chr1,155907146,155906432,11,5,96.224,688,715,699,0.0
ti:270204542,1,665,chr1,77769606,77770268,13,1,97.744,650,665,665,0.0
ti:269891777,69,801,chr6,114491411,114492141,10,2,98.363,721,733,801,0.0
ti:270051464,1,677,chr9,13321916,13322590,10,4,97.935,664,678,677,0.0
ti:269764943,1,619,chrX,40401874,40401259,1,1,99.354,615,619,619,0.0
ti:270833035,1,722,chr6,127773688,127774410,5,1,99.170,717,723,722,0.0
ti:269771084,1,685,chr12,32817784,32817101,5,1,99.124,679,685,685,0.0
ti:270227484,1,434,chr13,74939870,74940299,11,1,96.544,419,434,434,0.0
ti:271299259,4,636,chr15,91566428,91567064,6,2,98.430,627,637,636,0.0
ti:269889335,73,753,chr10,123455682,123456363,19,1,97.067,662,682,753,0.0
ti:270224008,1,522,chr11,21319746,21320269,19,2,95.992,503,524,522,0.0
ti:270753537,1,728,chr17,62112955,62113681,11,2,98.080,715,729,728,0.0
ti:269729215,1,644,chr8,55107569,55106924,15,1,97.368,629,646,644,0.0
ti:269862728,1,701,chr18,27156487,27155788,10,3,98.148,689,702,701,0.0
ti:269802221,12,701,chr19,52007234,52007924,14,1,97.829,676,691,701,0.0
ti:269941296,2,631,chr5,81517647,81518276,5,0,99.206,625,630,631,0.0
ti:270221037,1,875,chr18,22030881,22031755,7,0,99.200,868,875,875,0.0
ti:269735368,1,689,chr8,126269877,126270565,10,0,98.549,679,689,689,0.0
ti:269902361,1,783,chr20,61940357,61939576,8,1,98.851,774,783,783,0.0
ti:269857765,1,708,chr6,77554967,77554260,15,0,97.881,693,708,708,0.0
ti:269925093,1,527,chr3,146468246,146468772,27,4,94.140,498,529,527,0.0
ti:270938167,1,683,chr4,161223090,161223772,10,0,98.536,673,683,683,0.0
ti:269732445,1,717,chr14,96482362,96481645,15,3,97.497,701,719,717,0.0
ti:271108338,1,709,chr2,96579478,96580186,19,4,96.765,688,711,709,0.0
ti:269929217,86,854,chr2,144669913,144669132,10,3,97.059,759,782,854,0.0
ti:271303750,1,581,chr20,39751467,39752046,11,1,97.935,569,581,581,0.0
ti:269748443,1,732,chr6,50282212,50282944,5,1,99.181,727,733,732,0.0
ti:269893197,1,473,chr22,45904849,45905321,11,0,97.674,462,473,473,0.0
ti:269739833,315,664,chr2,98663186,98662838,29,2,90.883,319,351,664,5.03e-132
ti:269889681,85,857,chr2,126296061,126296832,15,1,97.930,757,773,857,0.0
ti:271461506,1,638,chr6,45037990,45038624,19,3,96.552,616,638,642,0.0
ti:270526101,1,744,chr18,43386221,43386964,13,0,98.253,731,744,748,0.0
ti:269844514,1,729,chr10,53082891,53082162,9,1,98.630,720,730,729,0.0
ti:270018251,1,683,chr1,193610911,193610224,14,6,96.382,666,691,683,0.0
ti:271429249,34,307,chr9,44961986,44962259,11,0,95.985,263,274,309,1.24e-120
ti:270215980,1,765,chr5,151995290,151994525,28,3,95.958,736,767,767,0.0
ti:269868055,3,676,chr2,230043340,230044013,9,0,98.665,665,674,676,0.0
ti:270830810,1,725,chr13,47084454,47085170,6,1,98.069,711,725,725,0.0
ti:270981859,1,643,chr7,75092965,75092315,16,1,96.313,627,651,643,0.0
ti:271420026,1,752,chr8,19667670,19668423,23,2,96.684,729,754,753,0.0
ti:271428655,64,828,chr12,38975325,38974567,13,2,97.001,744,767,828,0.0
ti:269733914,1,644,chr4,129417600,129416959,6,2,98.758,636,644,645,0.0
ti:269782692,1,720,chrX,148328085,148328804,8,2,98.613,711,721,720,0.0
ti:270910406,3,713,chr7,32557754,32557044,12,5,97.203,695,715,713,0.0
ti:271084564,1,619,chr8,72964646,72965260,9,1,97.900,606,619,619,0.0
ti:269947635,2,688,chr3,64507746,64507061,19,1,97.089,667,687,688,0.0
ti:269776204,1,702,chr6,72857638,72858339,6,0,99.145,696,702,702,0.0
ti:271077611,1,651,chr1,17849003,17849652,12,1,98.003,638,651,651,0.0
ti:270828604,1,709,chr10,85942234,85942944,7,1,98.734,702,711,718,0.0
ti:271250517,1,680,chr3,186541754,186542413,17,6,93.704,640,683,680,0.0
ti:270918887,2,705,chr15,40880742,40880037,8,3,98.303,695,707,705,0.0
ti:270834309,5,605,chr12,61604847,61604246,14,1,97.508,587,602,605,0.0
ti:270011863,1,605,chr3,102053392,102052788,10,0,98.347,595,605,605,0.0
ti:270839837,1,498,chr13,25508216,25508712,29,1,93.976,468,498,498,0.0
ti:269741246,1,714,chrX,118809242,118809956,6,1,99.021,708,715,714,0.0
ti:269925867,1,695,chr13,50755268,50754573,29,1,95.690,666,696,695,0.0
ti:269929297,193,788,chr12,70022438,70021853,15,1,95.805,571,596,789,0.0
ti:271439952,1,452,chr11,51582647,51583097,51,3,88.079,399,453,452,3.05e-156
ti:270533325,79,591,chr12,129221007,129220499,23,2,94.737,486,513,595,0.0
ti:269935739,1,333,chr5,165422603,165422271,16,0,95.195,317,333,333,1.06e-145
ti:271096543,1,756,chrY,2437623,2436865,11,3,98.155,745,759,756,0.0
ti:269911792,88,555,chr1,89837438,89836971,12,0,97.436,456,468,555,0.0
ti:270935732,5,644,chrX,47177792,47178425,5,1,98.281,629,640,644,0.0
ti:270821746,1,699,chrUn_gl000220,105741,105045,23,1,96.423,674,699,699,0.0
ti:269891875,80,618,chr11,37201338,37201876,18,2,96.296,520,540,618,0.0
ti:270824873,1,748,chr18,76945289,76946036,5,0,99.332,743,748,748,0.0
ti:269880412,1,861,chr9,70980900,70980041,21,1,97.445,839,861,861,0.0
ti:269943940,1,614,chr13,96550102,96549489,7,0,98.860,607,614,614,0.0
ti:270229896,67,553,chr10,123454482,123454966,6,2,98.357,479,487,553,0.0
ti:270916541,1,660,chr11,36789525,36788862,12,2,97.590,648,664,660,0.0
ti:269852079,7,607,chr8,12417642,12418279,80,26,77.217,505,654,607,1.04e-118
ti:271438390,77,713,chr15,70849853,70849224,21,7,94.992,607,639,713,0.0
ti:271098525,1,650,chr17,79117882,79118536,8,3,97.713,641,656,650,0.0
ti:269908311,83,862,chr3,109002425,109003210,13,1,97.583,767,786,862,0.0
ti:270895509,1,656,chr2,59008909,59008254,5,0,99.238,651,656,656,0.0
ti:269775108,6,506,chr2,109816286,109815787,54,1,89.022,446,501,509,0.0
ti:269795415,1,625,chr16,59508026,59507402,8,2,98.403,616,626,625,0.0
ti:269775358,1,624,chr21,28690587,28691208,10,2,98.077,612,624,624,0.0
ti:269767564,1,641,chr12,39560628,39561272,6,3,98.142,634,646,641,0.0
ti:270197551,13,433,chr8,72808763,72808343,1,0,99.762,420,421,433,0.0
ti:269775375,2,632,chr3,44655696,44656318,11,4,96.367,610,633,632,0.0
ti:269938877,1,719,chr1,76758951,76758229,5,1,98.755,714,723,719,0.0
ti:269910631,75,563,chr17,60673357,60673845,13,0,97.342,476,489,563,0.0
ti:269767141,1,633,chr12,65272634,65273267,4,1,99.211,629,634,633,0.0
ti:269857722,5,683,chr1,65240385,65241066,11,3,97.947,668,682,683,0.0
ti:270214721,1,204,chr7,43214690,43214894,12,2,92.718,191,206,204,1.42e-77
ti:270832531,230,272,chr12,44464102,44464060,7,0,83.721,36,43,335,0.015
ti:269842542,1,682,chr10,133436773,133436092,6,0,99.120,676,682,682,0.0
ti:270535303,13,238,chr7,45613468,45613693,9,0,96.018,217,226,238,8.58e-98
ti:270269422,1,670,chr16,261763,261096,9,3,98.063,658,671,670,0.0
ti:269936123,84,777,chr7,18850580,18851273,14,0,97.983,680,694,778,0.0
ti:269785434,15,749,chr14,91279578,91280314,6,2,98.915,729,737,749,0.0
ti:270549505,67,241,chr2,156884493,156884668,3,3,96.610,171,177,242,3.27e-73
ti:270906533,4,598,chr8,82385455,82384861,19,0,96.807,576,595,598,0.0
ti:270903381,1,709,chr18,47831317,47830607,5,1,99.015,704,711,709,0.0
ti:271460031,1,771,chr1,180764768,180765538,24,0,96.887,747,771,771,0.0
ti:269802645,20,677,chr19,52027546,52026888,17,1,97.269,641,659,677,0.0
ti:270936297,1,692,chr9,70971470,70972166,25,7,95.415,666,698,692,0.0
ti:270187177,12,877,chr4,48369273,48368406,5,2,99.194,861,868,877,0.0
ti:269863322,1,710,chr6,145788622,145787913,7,0,99.014,703,710,710,0.0
ti:269799406,2,634,chr8,78289984,78289352,4,0,99.368,629,633,634,0.0
ti:270118334,1,720,chr18,4781813,4782535,7,4,98.343,712,724,720,0.0
ti:270828834,4,720,chr6,94432558,94433278,8,5,98.061,708,722,720,0.0
ti:270781326,1,613,chr5,104774501,104773889,17,2,96.906,595,614,613,0.0
ti:269911025,1,474,chr3,106029255,106028775,13,1,95.842,461,481,474,0.0
ti:270817175,1,718,chr1,159363310,159364032,13,4,96.966,703,725,718,0.0
ti:270531054,1,832,chr13,78331409,78330577,16,1,97.959,816,833,832,0.0
ti:269728631,1,179,chr7,4788383,4788205,8,0,95.531,171,179,179,1.95e-74
ti:271422124,93,804,chr5,112190062,112189351,9,0,98.736,703,712,804,0.0
ti:269756144,1,711,chr12,72452870,72453580,13,0,98.172,698,711,711,0.0
ti:270835934,1,749,chr14,100111047,100111795,10,0,98.665,739,749,749,0.0
ti:271068031,1,703,chr4,55853343,55852641,10,4,98.014,691,705,703,0.0
ti:269776376,3,695,chr15,33536894,33536200,10,2,98.273,683,695,695,0.0
ti:271073810,4,670,chr3,8728209,8727543,7,0,98.951,660,667,670,0.0
ti:269728826,1,651,chr2,95848535,95847873,11,3,96.531,640,663,651,0.0
ti:271085238,1,669,chr9,89500377,89499691,19,9,94.331,649,688,669,0.0
ti:269902107,1,227,chr4,68068298,68068072,7,0,96.916,220,227,227,5.06e-101
ti:271078861,2,719,chr9,4938239,4938956,17,2,97.357,700,719,719,0.0
ti:271423486,2,857,chr1,234983979,234983124,8,0,99.065,848,856,857,0.0
ti:269795215,87,555,chr2,115592537,115592966,103,31,68.288,323,473,568,3.53e-16
ti:269779538,1,551,chr20,24733823,24734374,17,1,96.739,534,552,551,0.0
ti:270728988,3,644,chr12,118161546,118162190,14,2,97.364,628,645,644,0.0
ti:270728041,1,659,chr17,22247688,22248354,99,4,83.958,560,667,663,0.0
ti:271401532,4,784,chr10,54181152,54181934,25,3,96.301,755,784,784,0.0
ti:269752358,1,624,chr12,133282395,133281791,16,7,93.770,587,626,624,0.0
ti:270224705,72,748,chr10,107226383,107225716,17,2,95.870,650,678,748,0.0
ti:270541768,81,764,chr8,69579472,69580155,17,0,97.515,667,684,764,0.0
ti:271245792,1,656,chr5,31947677,31947031,7,1,97.561,640,656,656,0.0
ti:271355240,1,261,chr12,132560288,132560028,3,2,98.092,257,262,261,1.02e-120
ti:270198682,1,381,chr20,49908627,49908998,16,3,92.932,355,382,381,1.01e-154
ti:271350181,1,630,chr3,75203756,75204375,15,2,96.032,605,630,630,0.0
ti:271089928,1,303,chr16,74759694,74759997,2,1,99.013,301,304,303,8.11e-147
ti:269929245,538,815,chr1,71112627,71112336,66,18,69.697,207,297,824,8.37e-13
ti:269737050,1,649,chr5,165708475,165709123,8,0,98.767,641,649,649,0.0
ti:269940670,2,660,chr4,170134553,170135215,11,3,97.738,648,663,660,0.0
ti:271065810,2,636,chr21,37603830,37604460,6,3,98.113,624,636,636,0.0
ti:270123816,1,695,chrX,56901946,56902641,6,1,98.994,689,696,695,0.0
ti:269936846,36,711,chr7,29524858,29525533,10,0,98.521,666,676,711,0.0
ti:271071751,1,683,chr1,14757892,14757210,9,0,98.682,674,683,683,0.0
ti:269889850,1,802,chr3,106249005,106249802,20,5,96.517,776,804,802,0.0
ti:271424277,1,655,chr19,11879116,11878458,11,1,97.724,644,659,655,0.0
ti:270465991,1,685,chr1,67412156,67412866,10,4,94.118,672,714,685,0.0
ti:270014223,1,689,chr13,46100875,46101563,8,0,98.839,681,689,691,0.0
ti:269711608,1,643,chr8,72845750,72845107,6,1,98.913,637,644,643,0.0
ti:271442911,1,803,chr5,10966622,10967423,18,3,97.388,783,804,803,0.0
ti:270048144,5,689,chr3,145756338,145755654,6,2,98.834,678,686,689,0.0
ti:270722387,1,680,chr8,110323675,110322989,9,2,97.671,671,687,680,0.0
ti:270936338,1,656,chr5,159005420,159004763,13,2,97.720,643,658,656,0.0
ti:269837990,2,754,chr18,77427082,77427834,19,0,97.477,734,753,754,0.0
ti:269857790,1,709,chr8,68136436,68135728,8,0,98.872,701,709,710,0.0
ti:271429332,1,516,chr13,94727138,94727653,13,2,97.099,502,517,516,0.0
ti:269740413,1,632,chr7,80158657,80159288,12,0,98.101,620,632,632,0.0
ti:270757074,1,431,chr8,51024778,51025197,20,4,92.807,400,431,431,2.00e-174
ti:271304111,1,700,chr10,4510784,4511483,17,0,97.571,683,700,700,0.0
ti:269825646,17,699,chr7,101932402,101931720,13,0,98.097,670,683,699,0.0
ti:271428825,1,416,chr1,1212526,1212111,12,2,96.643,403,417,416,0.0
ti:271100979,1,697,chr12,21202650,21201954,8,0,98.852,689,697,697,0.0
ti:270191563,1,690,chr8,112695510,112696197,19,2,96.957,669,690,690,0.0
ti:271462889,1,763,chr11,87876515,87875758,17,4,96.089,737,767,763,0.0
ti:271080266,1,696,chr7,101100647,101099952,8,0,98.851,688,696,696,0.0
ti:271412739,80,663,chr4,176015398,176015981,13,0,97.774,571,584,663,0.0
ti:271454819,1,528,chr4,168571613,168572140,29,2,93.774,497,530,528,0.0
ti:269736349,1,700,chr16,66048330,66047629,10,2,98.291,690,702,700,0.0
ti:270934511,2,578,chr18,20525958,20525374,8,2,96.928,568,586,578,0.0
ti:269719780,9,459,chr2,204299711,204300168,21,2,93.886,430,458,459,0.0
ti:269827312,10,694,chr7,66777683,66776996,10,2,98.110,675,688,694,0.0
ti:270051583,1,604,chr16,1810425,1811028,7,0,98.841,597,604,604,0.0
ti:269748560,2,701,chr3,116413063,116412363,12,3,97.863,687,702,701,0.0
ti:269782502,1,693,chr1,29558199,29558889,9,2,98.413,682,693,693,0.0
ti:269889424,1,616,chr4_gl000193_random,79591,80205,72,1,88.149,543,616,628,0.0
ti:270195147,5,927,chr6,92842214,92843135,14,1,98.375,908,923,927,0.0
ti:271431489,1,832,chr14,102816316,102815475,24,4,95.962,808,842,832,0.0
ti:270876892,1,772,chr2,188839185,188839960,12,2,97.938,760,776,774,0.0
ti:271252691,1,732,chr10,123338901,123338169,11,3,98.093,720,734,733,0.0
ti:269718886,1,694,chr19,5916198,5916891,9,2,98.417,684,695,694,0.0
ti:270909438,1,564,chr22,51105127,51104560,22,5,94.396,539,571,564,0.0
ti:269896084,71,786,chr10,118561008,118560294,14,1,97.905,701,716,786,0.0
ti:269923244,2,765,chr20,58911020,58910257,16,0,97.906,748,764,765,0.0
ti:270214240,1,861,chr4,190794411,190793548,25,3,96.532,835,865,861,0.0
ti:270225215,137,788,chr18,76035730,76036365,170,33,67.868,452,666,897,5.38e-32
ti:271083771,1,668,chr2,105045890,105046557,7,0,98.952,661,668,669,0.0
ti:271101348,2,671,chrX,57426741,57426073,16,1,97.463,653,670,671,0.0
ti:271091168,1,681,chr14,90598199,90597524,10,2,97.797,666,681,681,0.0
ti:270910353,1,694,chr1,90822327,90823020,11,0,98.415,683,694,696,0.0
ti:271247533,1,677,chrX,123073704,123073031,4,2,98.966,670,677,677,0.0
ti:271428251,1,737,chr18,36143481,36142744,22,1,96.883,715,738,737,0.0
ti:270909571,1,655,chr13,22622228,22621573,9,1,98.476,646,656,655,0.0
ti:270827359,15,678,chr8,7411001,7411664,12,0,98.193,652,664,678,0.0
ti:271437125,33,616,chr17,22254533,22255116,46,2,91.795,537,585,616,0.0
ti:269845426,1,595,chr16,63588341,63587746,11,3,97.655,583,597,595,0.0
ti:270202928,78,689,chr10,42398204,42398814,80,1,86.765,531,612,689,0.0
ti:269891919,66,473,chr2,115592995,115592623,88,28,69.438,284,409,517,7.96e-18
ti:270548884,90,894,chr1,223592410,223593214,5,0,99.379,800,805,894,0.0
ti:269827585,18,676,chr7,66767323,66766665,7,2,98.636,651,660,676,0.0
ti:269914631,81,835,chr1,70555068,70555825,12,1,98.021,743,758,835,0.0
ti:269827443,13,668,chr7,66772577,66771926,14,3,97.256,638,656,668,0.0
ti:270198003,8,771,chr1,113827087,113826323,5,1,99.216,759,765,771,0.0
ti:269937135,1,737,chr3,75924023,75923275,41,4,92.924,696,749,737,0.0
ti:270759768,1,711,chr6,75371714,75371004,17,0,97.609,694,711,711,0.0
ti:270878257,5,687,chr8,83950060,83949376,12,2,97.956,671,685,687,0.0
ti:270893432,1,689,chr11,17616108,17615421,5,1,99.129,683,689,689,0.0
ti:270900236,1,606,chr13,75172539,75171946,17,2,95.215,577,606,606,0.0
ti:270526941,2,918,chr3,157668868,157667951,19,1,97.821,898,918,918,0.0
ti:270824779,1,466,chr16,28443726,28443262,16,1,96.352,449,466,665,0.0
ti:269843685,2,692,chr3,59407669,59408360,9,1,98.555,682,692,692,0.0
ti:270186214,236,862,chr7,80492964,80493607,54,22,86.656,565,652,862,0.0
ti:270763039,2,666,chr2,158438675,158438009,6,2,98.801,659,667,666,0.0
ti:271071749,1,303,chr16,22057772,22057470,1,0,99.670,302,303,303,1.73e-149
ti:270199117,1,822,chr1,117958846,117959668,19,5,97.091,801,825,822,0.0
ti:270218538,12,46,chr17,76029175,76029141,4,0,88.571,31,35,103,0.004
ti:269884679,81,658,chr16,11455733,11455157,17,1,96.886,560,578,658,0.0
ti:269770581,1,640,chr3,192199226,192198584,3,5,98.758,636,644,641,0.0
ti:271408133,1,855,chr6,122379651,122380499,37,1,94.971,812,855,855,0.0
ti:269883140,1,178,chr14,95174017,95174194,5,0,97.191,173,178,178,1.21e-77
ti:270549152,1,831,chr2,55039525,55038697,23,2,96.519,804,833,831,0.0
ti:270529586,1,817,chr8,11546888,11547703,27,1,96.573,789,817,817,0.0
ti:269884805,1,809,chr9,85698417,85697608,9,1,98.765,800,810,809,0.0
ti:270222554,1,644,chr13,94954279,94954923,17,7,96.296,624,648,644,0.0
ti:270211919,1,63,chr1,80149832,80149768,6,1,87.692,57,65,129,1.18e-12
ti:271086131,1,586,chr16,51156275,51155688,15,2,97.109,571,588,586,0.0
ti:271065936,1,625,chr7,83967200,83967828,8,1,98.092,617,629,625,0.0
ti:269723618,2,692,chr9,122915809,122916518,10,5,95.915,681,710,692,0.0
ti:271426718,1,375,chr14,54007165,54007536,24,1,92.800,348,375,375,1.37e-152
ti:270765072,1,757,chr8,24503052,24502296,4,0,99.472,753,757,757,0.0
ti:271462436,1,627,chr11,28678206,28678844,7,2,97.027,620,639,627,0.0
ti:270845674,2,743,chr2,80759285,80758540,3,6,98.795,738,747,743,0.0
ti:271453860,508,663,chr3,3831954,3831815,34,4,67.949,106,156,760,0.037
ti:269774649,5,724,chr16,51298202,51297482,10,1,98.474,710,721,724,0.0
ti:269742157,1,689,chr6,70865237,70865927,12,2,97.974,677,691,689,0.0
ti:269712026,1,549,chr2,65311182,65310635,14,1,97.268,534,549,549,0.0
ti:270836494,1,720,chr17,61724779,61725498,8,2,98.613,711,721,720,0.0
ti:269862377,1,592,chr19,57486268,57486859,4,2,98.988,587,593,592,0.0
ti:269854226,1,638,chr14,83756643,83757278,14,1,97.492,622,638,638,0.0
ti:270825665,16,722,chr8,63910647,63911366,10,5,96.533,696,721,722,0.0
ti:269851424,1,745,chr13,90192198,90192943,10,3,98.260,734,747,745,0.0
ti:269826155,21,687,chr7,101917671,101917006,12,1,98.051,654,667,687,0.0
ti:270263980,1,727,chr6,4680383,4679647,17,5,96.336,710,737,730,0.0
ti:270934322,216,676,chr1,50956099,50955638,13,1,96.970,448,462,676,0.0
ti:271070630,2,708,chr2,75723311,75722606,17,1,97.454,689,707,708,0.0
ti:269865958,1,672,chr2,83940490,83939819,17,0,97.470,655,672,673,0.0
ti:271427654,88,759,chr2,12679577,12678907,10,1,98.363,661,672,759,0.0
ti:269908689,1,439,chrX,14472748,14472312,16,1,95.900,421,439,439,0.0
ti:269838477,1,519,chr2,29370187,29369668,9,1,98.077,510,520,519,0.0
ti:270983817,14,714,chr7,75194853,75194153,8,0,98.859,693,701,714,0.0
ti:271449341,1,671,chr13,86370293,86369624,13,1,97.914,657,671,671,0.0
ti:270833511,1,786,chr4,64512797,64512014,4,3,98.983,779,787,786,0.0
ti:269854006,1,688,chr5,11800529,11799842,9,0,98.692,679,688,697,0.0
ti:270205633,1,600,chr2,42085363,42085962,16,0,97.333,584,600,649,0.0
ti:270774588,1,719,chr14,51081342,51082056,8,1,98.331,707,719,719,0.0
ti:269943818,2,644,chr12,122040984,122041633,13,3,96.923,630,650,644,0.0
ti:270536264,83,787,chr18,6533304,6532600,20,0,97.163,685,705,787,0.0
ti:269770026,1,671,chr6,100018432,100017756,10,2,97.637,661,677,671,0.0
ti:269732902,69,576,chr1,71112788,71112256,146,27,66.357,357,538,578,5.76e-13
ti:270525069,1,849,chr19,49939635,49940483,10,0,98.822,839,849,849,0.0
ti:269837463,1,610,chr19,22930120,22929503,11,2,96.926,599,618,610,0.0
ti:271411871,19,346,chr7,15934518,15934845,15,0,95.427,313,328,346,4.41e-144
ti:270195614,1,836,chr12,130803239,130804072,15,3,97.730,818,837,836,0.0
ti:270532477,177,847,chr12,113466767,113467436,8,1,98.659,662,671,847,0.0
ti:269753926,1,717,chr6,131336595,131335874,10,2,97.922,707,722,717,0.0
ti:269747654,2,689,chr2,37176952,37176264,9,3,98.261,678,690,689,0.0
ti:270935386,1,678,chrX,148525112,148525790,2,1,99.558,676,679,683,0.0
ti:271456593,1,424,chr2,92325810,92325387,58,4,85.446,364,426,424,1.25e-130
ti:270118265,1,589,chrX,73750358,73750946,9,0,98.472,580,589,589,0.0
ti:271076982,1,652,chr1,121351681,121352336,102,7,83.283,548,658,652,0.0
ti:271089075,1,599,chr10,114197513,114198111,6,0,98.998,593,599,599,0.0
ti:269775808,1,696,chr11,51176744,51177439,14,4,97.421,680,698,696,0.0
ti:271091213,1,704,chr1,80996035,80995331,16,1,97.589,688,705,704,0.0
ti:270020441,1,623,chr3,90489621,90490245,83,5,85.805,538,627,632,0.0
ti:269799139,1,660,chr1,153278892,153278232,11,1,98.185,649,661,660,0.0
ti:269857201,1,694,chr2,146391329,146390636,8,0,98.847,686,694,694,0.0
ti:271466027,1,633,chr17,48773064,48773696,17,4,96.384,613,636,633,0.0
ti:270221370,2,822,chr9,33988937,33988117,29,6,95.042,786,827,822,0.0
ti:270197449,1,319,chr6,25670523,25670205,9,2,96.562,309,320,319,1.38e-143
ti:269911447,76,645,chr12,49380485,49379916,3,0,99.474,567,570,645,0.0
ti:270222630,77,480,chr15,66560683,66561087,7,1,98.025,397,405,480,0.0
ti:270936800,3,677,chrX,17162008,17161338,7,2,98.077,663,676,677,0.0
ti:271093121,13,703,chr11,77452932,77452240,7,3,98.129,682,695,703,0.0
ti:271434577,2,800,chr9,89468105,89467316,19,3,96.250,770,800,800,0.0
ti:270815622,1,680,chr16,33995468,33996131,80,7,85.337,582,682,680,0.0
ti:271301129,1,678,chr8,110662086,110661409,8,0,98.820,670,678,678,0.0
ti:269780526,13,867,chr3,87499368,87500228,14,4,97.677,841,861,867,0.0
ti:271080952,1,671,chr3,164800688,164800015,12,5,97.189,657,676,671,0.0
ti:270900733,1,646,chr6,33622714,33622067,10,1,98.148,636,648,647,0.0
ti:269721680,1,733,chrX,35976261,35975530,4,3,99.046,727,734,736,0.0
ti:270535628,70,802,chr1,115538114,115537387,15,5,97.271,713,733,802,0.0
ti:269745374,1,674,chr8,73168784,73169461,6,1,98.525,668,678,674,0.0
ti:269798693,1,660,chr13,63313334,63313991,16,3,96.974,641,661,660,0.0
ti:270473910,1,658,chr1,191935717,191935058,7,3,98.336,650,661,658,0.0
ti:271409742,331,694,chr14,58019279,58018920,9,2,96.429,351,364,696,4.70e-164
ti:269924255,1,788,chr3,176214457,176215245,14,3,97.848,773,790,788,0.0
ti:270208289,26,512,chr11,76289594,76289109,16,3,96.107,469,488,512,0.0
ti:270056983,1,712,chr6,80868973,80869684,9,2,98.457,702,713,712,0.0
ti:271452875,162,754,chr2,235680737,235680143,12,2,97.647,581,595,754,0.0
ti:271080967,5,623,chr6,36396007,36396613,4,2,97.415,603,619,623,0.0
ti:271064283,1,585,chr13,43707030,43706446,4,0,99.316,581,585,585,0.0
ti:271070243,1,660,chr16,61668801,61669460,8,0,98.788,652,660,660,0.0
ti:269930622,7,866,chr20,36869662,36870521,6,0,99.302,854,860,866,0.0
ti:269775250,1,726,chr16,71432081,71431356,6,0,99.174,720,726,726,0.0
ti:271064803,1,656,chrX,118734593,118733939,6,3,98.630,648,657,656,0.0
ti:270850126,1,644,chr10,90286490,90287153,13,2,95.030,631,664,644,0.0
ti:269751153,1,728,chr5,160260199,160259464,13,2,97.147,715,736,728,0.0
ti:270905544,1,411,chr14,94731581,94731990,2,1,99.270,408,411,625,0.0
ti:271086092,4,662,chr5,17358300,17358947,11,4,96.364,636,660,662,0.0
ti:271428076,1,758,chr9,71491,70726,24,4,95.822,734,766,758,0.0
ti:269837000,1,679,chr4,26532159,26532838,11,2,97.076,664,684,679,0.0
ti:270188148,2,582,chrX,109970668,109971246,11,2,97.762,568,581,582,0.0
ti:269943875,1,643,chr22,44071744,44071067,16,10,91.349,623,682,644,0.0
ti:271411943,1,725,chr12,4792519,4791801,21,2,96.006,697,726,725,0.0
ti:271410339,1,671,chr4,33597315,33597984,24,2,95.691,644,673,671,0.0
ti:271429190,1,223,chr9,97372145,97371922,14,1,93.304,209,224,230,3.40e-88
ti:270208897,1,142,chr4,10123958,10124096,11,2,90.141,128,142,142,3.49e-45
ti:269828826,1,675,chr7,75139587,75140261,9,0,98.667,666,675,675,0.0
ti:269891135,1,415,chr13,44684807,44684393,10,2,97.115,404,416,417,0.0
ti:270775484,1,666,chr14,93342617,93341950,14,3,97.309,651,669,666,0.0
ti:269905318,1,278,chr3,45584838,45585108,4,4,96.043,267,278,278,1.29e-119
ti:270940327,1,673,chr8,22322362,22323035,6,1,98.961,667,674,673,0.0
ti:269765965,1,457,chr4,132876600,132876144,22,2,94.760,434,458,457,0.0
ti:269889053,1,853,chr13,64247809,64246957,8,0,99.062,845,853,853,0.0
ti:270724086,6,693,chr1,121352612,121351916,103,12,83.405,583,699,693,0.0
ti:271401584,1,242,chr12,5042782,5042541,7,0,97.107,235,242,242,5.30e-109
ti:271411270,85,541,chr3,113495846,113496303,6,2,98.039,450,459,543,0.0
ti:271102090,1,638,chr13,108041326,108041963,16,0,97.492,622,638,638,0.0
ti:269736444,1,670,chr17,10430219,10429552,10,2,97.914,657,671,670,0.0
ti:270907809,1,265,chr3,100437260,100437518,9,2,94.340,250,265,265,5.88e-109
ti:269837217,1,738,chr11,109331388,109332122,6,2,98.780,729,738,738,0.0
ti:269911018,1,702,chr8,90847543,90846839,24,2,96.170,678,705,702,0.0
ti:270225523,11,598,chrX,61732369,61732955,98,3,82.852,488,589,598,2.92e-166
ti:270209580,1,406,chr2,64811326,64810924,8,4,96.806,394,407,406,0.0
ti:269928213,15,748,chr9,84112411,84113145,10,1,98.503,724,735,750,0.0
ti:269803193,1,597,chr19,51937923,51938519,12,2,97.659,584,598,597,0.0
ti:269902570,1,869,chr8,40514772,40515639,18,1,97.814,850,869,869,0.0
ti:269912751,1,242,chr19,58408322,58408563,17,0,92.975,225,242,242,1.20e-95
ti:269922019,1,771,chr20,30982629,30981860,22,2,96.762,747,772,771,0.0
ti:270724719,1,700,chr4,181387988,181388684,23,1,96.286,674,700,700,0.0
ti:269783881,2,697,chr4,149187615,149186919,6,1,98.996,690,697,697,0.0
ti:269733326,2,715,chr21,25086360,25087074,18,1,97.343,696,715,716,0.0
ti:271422648,86,746,chr11,94029782,94029122,14,0,97.882,647,661,746,0.0
ti:271401457,1,663,chr17,43363580,43362917,24,1,96.235,639,664,663,0.0
ti:271063472,1,452,chr16,1312594,1313046,13,1,96.909,439,453,452,0.0
ti:270190282,1,498,chr13,101086604,101086108,12,1,97.390,485,498,498,0.0
ti:271426383,1,186,chr4,143554100,143553914,16,1,90.909,170,187,186,7.22e-66
ti:270837852,1,669,chr18,25049229,25048560,11,1,98.209,658,670,669,0.0
ti:269850211,4,643,chr3,32765843,32765207,8,2,98.281,629,640,643,0.0
ti:271433853,1,729,chr8,122289391,122288662,9,1,98.630,720,730,729,0.0
ti:270217849,26,491,chr1,10913449,10913910,44,15,85.325,407,477,491,4.85e-138
ti:270189539,5,917,chr6,52481133,52480222,12,2,98.359,899,914,917,0.0
ti:269912941,1,104,chr4,141789449,141789346,10,0,90.385,94,104,104,5.20e-32
ti:271069587,1,670,chr18,76088385,76089058,15,1,97.181,655,674,670,0.0
ti:270781174,1,399,chr22,17625346,17625740,58,4,82.630,333,403,684,1.94e-107
ti:269802458,1,684,chr19,52018779,52019462,13,0,98.099,671,684,684,0.0
ti:271108283,1,594,chr5,35193870,35194462,10,1,98.148,583,594,594,0.0
ti:271247353,1,698,chr20,58079070,58079773,16,4,96.875,682,704,698,0.0
ti:269771041,1,644,chr13,73196108,73196750,9,1,98.447,634,644,644,0.0
ti:269772865,1,666,chr4,41465815,41466476,16,4,96.407,644,668,666,0.0
ti:270834365,1,666,chr8,113906124,113906793,14,2,97.313,652,670,666,0.0
ti:270908104,1,609,chr2,103540141,103539532,12,1,97.869,597,610,609,0.0
ti:270824990,2,684,chr18,31772594,31773278,5,2,98.978,678,685,684,0.0
ti:269929036,85,863,chr14,49615949,49615171,28,2,95.903,749,781,863,0.0
ti:269946121,1,672,chr19,35483745,35483070,13,2,97.485,659,676,672,0.0
ti:270931941,1,639,chr6,68290899,68290261,13,0,97.966,626,639,639,0.0
ti:271423124,1,607,chr8,103661826,103662423,24,9,94.563,574,607,607,0.0
ti:269783878,1,694,chr11,101774105,101773407,5,1,98.569,689,699,694,0.0
ti:271064745,1,662,chr6,122041466,122042126,4,1,99.245,657,662,662,0.0
ti:271087154,1,632,chr15,57584955,57585586,18,0,97.152,614,632,632,0.0
ti:270832005,1,639,chr10,117303835,117304473,14,4,97.192,623,641,639,0.0
ti:269804859,1,101,chrX,57484952,57485052,3,0,97.030,98,101,101,1.65e-39
ti:270913104,1,644,chr3,130071138,130070498,11,5,97.519,629,645,644,0.0
ti:270828738,1,613,chr11,25343528,25344133,20,2,95.595,586,613,613,0.0
ti:269930707,80,600,chr5,112551896,112552415,12,1,97.505,508,521,600,0.0
ti:269944749,2,695,chr12,98123919,98123232,23,9,94.421,660,699,695,0.0
ti:270202400,1,825,chr5,120672293,120671458,23,4,95.699,801,837,825,0.0
ti:269879851,1,689,chrX,76648133,76647444,17,1,97.391,672,690,689,0.0
ti:270937219,3,364,chr2,115592953,115592623,69,26,71.429,260,364,375,7.47e-24
ti:270534791,1,842,chr6,109342485,109341643,13,1,98.339,829,843,842,0.0
ti:271070194,1,508,chr11,129317737,129318244,11,0,97.835,497,508,508,0.0
ti:269730611,1,643,chr3,185792315,185792955,6,2,98.756,635,643,643,0.0
ti:271091643,37,373,chr7,147355702,147355366,10,2,96.450,326,338,659,8.58e-152
ti:270526082,1,123,chr2,33141484,33141606,4,0,96.748,119,123,123,4.48e-50
ti:269736291,1,704,chr16,13588416,13589119,13,0,98.153,691,704,704,0.0
ti:269855444,10,426,chr18,12869242,12868826,15,0,96.403,402,417,426,0.0
ti:270894039,2,595,chr12,56260768,56261360,14,3,97.143,578,595,595,0.0
ti:270902359,1,643,chr1,25920569,25919928,5,1,99.067,637,643,643,0.0
ti:269933929,85,851,chr15,28013084,28013850,13,0,98.305,754,767,851,0.0
ti:270209629,1,831,chr2,51804170,51804993,22,2,96.510,802,831,831,0.0
ti:271437865,1,801,chr6,82877606,82876801,18,4,96.902,782,807,801,0.0
ti:270209093,79,317,chr13,28933349,28933587,5,0,97.908,234,239,618,1.27e-109
ti:270529806,72,320,chr22,17385693,17385941,9,0,96.386,240,249,320,6.23e-110
ti:269830357,1,658,chr7,102002635,102003289,12,3,97.420,642,659,658,0.0
ti:271302298,4,665,chr9,28639385,28640046,11,0,98.338,651,662,665,0.0
ti:270837240,2,685,chr5,15477894,15478577,15,0,97.807,669,684,685,0.0
ti:270728921,1,732,chr22,34215801,34215071,5,1,99.180,726,732,732,0.0
ti:271108248,1,274,chr5,38973244,38972973,5,1,97.445,267,274,274,1.69e-125
ti:271071027,1,684,chrX,4794450,4795134,13,3,97.668,670,686,684,0.0
ti:271408382,66,697,chr17,63530085,63529456,17,4,96.682,612,633,697,0.0
ti:270550049,1,284,chr2,176454593,176454876,14,0,95.070,270,284,284,2.82e-122
ti:269827928,1,224,chr7,101929233,101929456,12,0,94.643,212,224,224,5.13e-93
ti:270221650,93,706,chr3,79578281,79578877,7,3,96.091,590,614,706,0.0
ti:269936107,1,567,chr9,68728901,68728335,8,0,98.589,559,567,567,0.0
ti:269897581,1,812,chr11,10467949,10468757,15,3,97.540,793,813,817,0.0
ti:270199304,83,763,chr6,83661108,83660430,17,2,97.210,662,681,763,0.0
ti:269790453,4,657,chr7,125257914,125258569,10,2,98.171,644,656,657,0.0
ti:271098625,1,652,chr7,12249036,12249689,13,5,97.104,637,656,652,0.0
ti:269906081,1,818,chr12,130265274,130264454,26,4,95.515,788,825,818,0.0
ti:269725004,190,396,chr11,86366850,86367056,11,0,94.686,196,207,396,1.01e-84
ti:271357562,4,704,chr1,88145057,88144355,10,4,98.011,690,704,704,0.0
ti:270939310,1,673,chr17,46630081,46630756,5,2,98.817,668,676,673,0.0
ti:269912160,1,809,chr10,107456299,107455491,16,0,98.022,793,809,809,0.0
ti:270841941,3,672,chr12,24094917,24095589,12,2,97.771,658,673,672,0.0
ti:269911046,1,868,chr17,30169961,30169089,14,4,97.597,853,874,868,0.0
ti:270775369,1,609,chr2,231028272,231028881,10,2,97.872,598,611,609,0.0
ti:270546099,1,773,chr2,238948500,238947726,16,4,97.169,755,777,773,0.0
ti:271461955,8,729,chr10,127670102,127670826,13,2,97.521,708,726,729,0.0
ti:270123327,1,675,chr19,5652649,5653324,4,1,99.260,671,676,675,0.0
ti:269763419,1,724,chrX,139654796,139654074,12,1,98.204,711,724,724,0.0
ti:271088589,420,458,chr14,33219442,33219404,4,0,89.744,35,39,647,2.29e-04
ti:271072863,1,656,chr1,156475643,156475009,10,2,95.274,625,656,656,0.0
ti:269735117,1,450,chr14,71147456,71147907,10,1,97.345,440,452,450,0.0
ti:270774606,1,657,chr12,31350511,31351168,9,3,98.179,647,659,657,0.0
ti:270780567,1,681,chr1,236427866,236427186,9,0,98.678,672,681,681,0.0
ti:271247178,1,727,chr2,65221243,65220517,11,0,98.487,716,727,727,0.0
ti:270203581,3,366,chr8,102728833,102729197,7,1,97.808,357,365,366,2.28e-172
ti:270983373,1,666,chr7,75176043,75175374,4,2,98.806,662,670,666,0.0
ti:270194136,13,728,chr3,102969588,102970299,21,3,95.688,688,719,728,0.0
ti:269776763,7,703,chr11,2060352,2059655,8,1,98.711,689,698,705,0.0
ti:271067538,1,666,chr14,19472279,19472939,12,3,97.151,648,667,666,0.0
ti:270982562,1,489,chr7,75161330,75161819,7,3,94.790,473,499,489,0.0
ti:270215555,70,699,chr10,80298056,80297427,13,0,97.937,617,630,700,0.0
ti:269891771,66,805,chr3,179026803,179026069,11,3,97.838,724,740,805,0.0
ti:269855752,1,660,chr7,117688814,117688153,9,2,98.338,651,662,660,0.0
ti:269838052,1,740,chrX,114347712,114348452,5,3,98.922,734,742,740,0.0
ti:270835990,1,609,chrX,91924870,91925478,7,0,98.851,602,609,609,0.0
ti:270850787,5,645,chr21,21108145,21107505,16,2,97.196,624,642,645,0.0
ti:270901450,1,667,chr15,31233591,31232924,14,2,96.870,650,671,667,0.0
ti:270212553,1,532,chr15,93607535,93608068,40,2,92.135,492,534,532,0.0
ti:270896813,410,644,chr16,50609747,50609984,9,2,94.958,226,238,644,2.19e-98
ti:271096668,1,656,chr13,79136871,79137526,8,4,98.176,646,658,656,0.0
ti:269804535,18,698,chrX,57620855,57621538,4,1,98.977,677,684,698,0.0
ti:270125703,1,571,chr3,20154100,20153531,6,3,98.427,563,572,571,0.0
ti:271451763,1,239,chr20,5579763,5580000,14,1,93.724,224,239,239,3.45e-96
ti:271075506,1,514,chr19,18249101,18248586,12,2,97.287,502,516,514,0.0
ti:269906318,63,875,chr2,226045331,226044518,10,1,98.649,803,814,875,0.0
ti:269778617,1,838,chrX,4017273,4016415,14,3,95.925,824,859,838,0.0
ti:270904505,2,675,chr2,85971134,85970460,11,3,97.929,662,676,675,0.0
ti:270550053,1,755,chr12,115843167,115843947,19,5,93.495,733,784,755,0.0
ti:271098623,1,700,chr7,117616792,117616093,4,4,98.860,694,702,700,0.0
ti:269776210,1,652,chr11,134622067,134621418,16,1,97.239,634,652,652,0.0
ti:269776472,3,608,chrX,58568829,58569437,63,5,88.852,542,610,609,0.0
ti:270824656,1,644,chr10,21456406,21457049,6,0,99.068,638,644,644,0.0
ti:270530716,1,458,chr10,31187485,31187937,32,3,91.921,421,458,458,0.0
ti:270208545,1,791,chr3,135521223,135522014,18,1,97.601,773,792,791,0.0
ti:269710994,1,719,chr9,16490915,16491634,9,5,98.061,708,722,724,0.0
ti:270727088,1,177,chrUn_gl000220,134388,134577,3,2,90.576,173,191,177,6.79e-66
ti:270840915,1,674,chr10,20687741,20688413,4,5,98.669,667,676,674,0.0
ti:271097234,4,713,chr7,56684707,56685418,8,3,98.317,701,713,713,0.0
ti:270935650,1,738,chr19,37821198,37820460,15,6,97.035,720,742,739,0.0
ti:269764471,2,686,chr8,22415588,22414903,8,2,98.399,676,687,686,0.0
ti:270932247,16,628,chr11,64265863,64266475,6,0,99.021,607,613,628,0.0
ti:269930549,1,750,chr20,20016950,20017699,15,0,98.000,735,750,750,0.0
ti:270841355,5,701,chr12,57932214,57932912,5,2,98.999,692,699,701,0.0
ti:270877413,4,620,chr12,99041099,99041714,10,1,98.217,606,617,620,0.0
ti:271447674,1,112,chr7,90996635,90996524,9,0,91.964,103,112,117,2.76e-37
ti:269932897,1,655,chr12,116101066,116100412,16,0,97.557,639,655,655,0.0
ti:271101181,1,656,chr2,17534772,17534117,4,0,99.390,652,656,656,0.0
ti:269918416,1,552,chr13,98822790,98822250,22,6,94.022,519,552,552,0.0
ti:269736786,1,677,chr3,48274227,48274903,5,0,99.261,672,677,677,0.0
ti:270932105,1,660,chr2,58032856,58032196,6,1,98.941,654,661,660,0.0
ti:269727708,10,554,chrUn_gl000220,114990,115529,16,4,96.147,524,545,556,0.0
ti:269734821,5,718,chr2,240903716,240904430,14,1,97.902,700,715,718,0.0
ti:270871729,1,639,chr4,161755994,161755356,5,0,99.218,634,639,639,0.0
ti:270124595,1,696,chr6,92620366,92621060,15,1,97.701,680,696,696,0.0
ti:271083117,2,698,chr6,98992315,98993011,10,0,98.565,687,697,698,0.0
ti:269725586,1,674,chr2,39329419,39328743,8,3,98.083,665,678,674,0.0
ti:269801768,1,600,chr19,52071488,52072087,11,2,97.837,588,601,600,0.0
ti:271411606,1,705,chr16,29736126,29735422,10,2,98.300,694,706,705,0.0
ti:270228694,66,808,chr1,82086578,82085826,9,3,97.215,733,754,808,0.0
ti:269850909,1,656,chr10,131426994,131426339,12,0,98.171,644,656,656,0.0
ti:270849694,1,691,chr20,48535763,48535073,9,0,98.698,682,691,692,0.0
ti:271463120,1,119,chr5,157439078,157439196,3,0,97.479,116,119,119,5.01e-49
ti:269793758,1,656,chr3,8730699,8730044,7,2,98.630,648,657,656,0.0
ti:270839693,1,662,chr3,178343380,178344042,9,1,98.492,653,663,662,0.0
ti:270907879,1,752,chr5,146553420,146552671,19,3,96.946,730,753,752,0.0
ti:270834629,97,151,chr8,88793728,88793783,6,3,81.034,47,58,770,0.011
ti:269715203,1,696,chr1,99579752,99579057,6,0,99.138,690,696,696,0.0
ti:270215551,1,306,chr5,45809245,45808940,12,4,92.926,289,311,306,8.96e-123
ti:269933334,24,647,chr6,113685636,113686259,13,0,97.917,611,624,647,0.0
ti:269838560,2,734,chr17,56664852,56664121,9,1,98.636,723,733,734,0.0
ti:269886241,1,182,chr12,41878994,41879175,6,0,96.703,176,182,182,1.06e-78
ti:270934057,3,728,chr5,34706944,34706218,10,1,98.487,716,727,728,0.0
ti:270220758,82,675,chr18,74742144,74742738,9,1,98.319,585,595,677,0.0
ti:269788278,1,722,chr10,96672641,96671919,17,3,97.238,704,724,726,0.0
ti:271410494,1,54,chr9,9960192,9960139,1,0,98.148,53,54,621,3.88e-16
ti:269931582,1,455,chr1,143283719,143284173,19,0,95.824,436,455,455,0.0
ti:270754474,5,729,chr9,111108412,111109135,10,1,98.483,714,725,729,0.0
ti:269830764,11,363,chr7,75059121,75059474,7,1,97.740,346,354,363,1.70e-166
ti:270847766,1,595,chr9,80277605,80278196,5,3,98.322,586,596,595,0.0
ti:270726157,1,676,chr16,52429521,52430195,11,1,98.225,664,676,676,0.0
ti:269915303,2,627,chr9,68799791,68800415,38,1,93.770,587,626,627,0.0
ti:270201430,1,733,chr11,13782950,13782218,4,0,99.454,729,733,733,0.0
ti:271422769,79,783,chr4,100820914,100820207,7,1,98.588,698,708,783,0.0
ti:269792779,1,655,chr9,98085644,98084986,16,4,96.667,638,660,656,0.0
ti:271432493,38,356,chr19,59042963,59043279,12,1,95.611,305,319,356,8.55e-140
ti:270216354,77,786,chr7,23560837,23561546,8,0,98.873,702,710,786,0.0
ti:270726451,1,665,chr10,22584415,22585079,9,0,98.647,656,665,665,0.0
ti:270538649,1,851,chr10,27040682,27039832,20,4,97.186,829,853,851,0.0
ti:271302297,1,508,chrX,46317187,46316679,22,1,95.481,486,509,508,0.0
ti:271455645,1,800,chr2,53847045,53847856,11,4,97.167,789,812,800,0.0
ti:269784511,4,711,chr15,77225739,77225031,4,3,99.014,703,710,711,0.0
ti:271405954,1,356,chr1,1750482,1750816,40,1,82.865,295,356,364,4.74e-97
ti:271422881,1,575,chr6,7574102,7573525,38,5,92.241,535,580,575,0.0
ti:270193116,3,870,chr7,105209515,105208636,13,2,97.159,855,880,870,0.0
ti:271100773,1,590,chr2,55604258,55603670,10,1,98.136,579,590,590,0.0
ti:271304309,1,631,chr2,52169059,52168428,11,1,98.101,620,632,631,0.0
ti:270545032,1,866,chr3,10566400,10567265,16,0,98.152,850,866,866,0.0
ti:269888832,4,927,chr20,8844228,8845154,10,2,98.598,914,927,927,0.0
ti:269731076,1,719,chr2,75714777,75715496,16,1,97.639,703,720,719,0.0
ti:271453274,1,518,chr2,128632906,128633422,11,2,97.303,505,519,518,0.0
ti:271456145,3,518,chr17,22247939,22247418,63,4,86.424,452,523,518,4.57e-170
ti:269723971,1,641,chr2,144002204,144001564,8,2,98.442,632,642,641,0.0
ti:271467001,1,798,chr13,71855497,71856297,23,3,96.264,773,803,798,0.0
ti:269800273,1,712,chr17,25813491,25814203,8,1,98.738,704,713,712,0.0
ti:270940853,2,683,chr15,79908207,79907524,13,2,97.807,669,684,683,0.0
ti:270223565,94,833,chr2,230018156,230017420,10,3,98.243,727,740,833,0.0
ti:271294880,1,644,chr9,111299239,111298566,13,2,93.333,630,675,644,0.0
ti:269724419,2,658,chr14,39732666,39733326,10,3,97.882,647,661,658,0.0
ti:269743472,1,714,chr11,65877262,65876549,11,0,98.459,703,714,714,0.0
ti:269713271,1,699,chr11,76904755,76905453,11,0,98.426,688,699,699,0.0
ti:271436742,2,795,chr22,41092639,41091842,29,6,95.620,764,799,795,0.0
ti:271069016,2,701,chr4,152393917,152394616,13,2,97.860,686,701,701,0.0
ti:270224964,81,832,chr18,55032243,55031487,7,2,98.415,745,757,832,0.0
ti:271429132,1,489,chr12,45302199,45302688,17,1,96.327,472,490,489,0.0
ti:270753846,2,699,chr5,117913091,117912382,8,3,96.906,689,711,699,0.0
ti:271418926,1,750,chr5,88031282,88032029,12,6,95.526,726,760,816,0.0
ti:271441693,364,826,chr7,7267070,7266603,7,4,91.701,442,482,826,0.0
ti:271103102,1,660,chrX,70932722,70933381,2,0,99.697,658,660,660,0.0
ti:271109730,1,622,chr2,69998836,69998211,7,2,98.243,615,626,622,0.0
ti:271074269,1,684,chr12,105722970,105723656,9,3,98.253,675,687,684,0.0
ti:269889804,1,806,chr5,61086719,61085884,11,1,95.096,795,836,806,0.0
ti:269921522,1,570,chr15,47772444,47773013,12,2,97.548,557,571,570,0.0
ti:269763901,2,699,chr1,167088756,167089453,9,0,98.711,689,698,699,0.0
ti:271420820,70,778,chr4,172418036,172418743,12,3,97.887,695,710,778,0.0
ti:270548399,1,495,chr17,14799845,14799353,13,2,96.970,480,495,495,0.0
ti:270204093,63,815,chr11,40292603,40293355,8,0,98.938,745,753,815,0.0
ti:271426835,1,786,chr18,6853460,6854245,23,4,96.574,761,788,786,0.0
ti:269720304,1,595,chr5,39317799,39318393,6,2,98.658,588,596,596,0.0
ti:269943041,1,677,chr6,162563656,162562979,6,1,98.968,671,678,677,0.0
ti:271441119,1,815,chr18,40931455,40932270,23,1,97.059,792,816,815,0.0
ti:270545204,74,848,chr11,104707615,104706842,19,2,97.165,754,776,848,0.0
ti:269786436,1,579,chr14,74278735,74278156,8,3,98.107,570,581,579,0.0
ti:269888506,1,529,chr2,138602400,138601871,29,1,94.340,500,530,529,0.0
ti:269795612,1,656,chr3,50521202,50521858,10,1,98.326,646,657,656,0.0
ti:269714893,1,644,chr6,152532601,152531957,13,1,97.829,631,645,644,0.0
ti:270546070,335,897,chr2,193086827,193086269,4,1,98.579,555,563,897,0.0
ti:269733641,2,665,chr5,123965133,123964470,15,0,97.741,649,664,665,0.0
ti:270530306,80,824,chr5,93121566,93122308,9,2,98.523,734,745,824,0.0
ti:269713306,1,701,chr11,111980982,111980280,14,4,97.443,686,704,701,0.0
ti:269739261,3,684,chrX,130980266,130979587,8,1,98.534,672,682,684,0.0
ti:269896157,76,555,chr5,2194053,2194532,13,0,97.292,467,480,555,0.0
ti:270932759,1,565,chr11,57186927,57186363,9,0,98.407,556,565,576,0.0
ti:269720798,58,378,chrUn_gl000220,113339,113026,15,7,91.358,296,324,378,6.20e-119
ti:270219401,1,856,chr9,119637758,119636903,17,0,98.014,839,856,856,0.0
ti:271446562,63,823,chr18,54047551,54048307,21,2,96.715,736,761,823,0.0
ti:269782518,1,694,chr13,25613641,25614331,16,2,97.262,675,694,696,0.0
ti:270019144,3,414,chr7,2688202,2688612,17,3,95.157,393,413,414,2.54e-180
ti:271406110,242,728,chr1,53177094,53177575,11,5,96.715,471,487,729,0.0
ti:271417007,243,472,chr2,115592966,115592754,53,11,69.565,160,230,474,2.55e-09
ti:271422761,3,851,chr13,63393656,63394502,13,1,98.233,834,849,851,0.0
ti:271078376,1,130,chr1,42442027,42442155,8,1,93.077,121,130,130,2.65e-46
ti:269898802,1,376,chr7,33271356,33270989,12,4,94.681,356,376,376,4.55e-160
ti:271439791,88,786,chr16,52809559,52810280,13,6,94.475,684,724,790,0.0
ti:270899444,1,558,chr5,17345881,17346440,14,3,96.791,543,561,558,0.0
ti:269929196,89,689,chr10,42398812,42398212,75,4,86.899,524,603,689,0.0
ti:270218024,28,510,chr2,98899457,98899943,12,1,96.715,471,487,510,0.0
ti:269779466,3,649,chr10,42400074,42400718,68,3,88.889,576,648,656,0.0
ti:270724350,1,739,chr14,56887643,56888384,8,7,97.984,729,744,742,0.0
ti:270199202,1,859,chr18,32862804,32863662,9,0,98.952,850,859,859,0.0
ti:270211957,149,734,chr2,115592953,115592420,133,36,68.430,401,586,881,1.36e-25
ti:270837788,1,224,chr4,37238848,37238625,6,0,97.321,218,224,224,4.98e-101
ti:269725980,1,616,chr13,64964485,64963870,12,0,98.052,604,616,616,0.0
ti:271094512,1,612,chr9,79023682,79024293,5,0,99.183,607,612,612,0.0
ti:271467098,1,540,chr12,23640140,23640679,25,0,95.370,515,540,540,0.0
ti:269888199,38,629,chrX,139627823,139628418,21,1,95.805,571,596,629,0.0
ti:270934983,1,607,chr1,66630702,66631309,11,1,98.026,596,608,610,0.0
ti:271453800,1,446,chr13,76516953,76517398,26,0,94.170,420,446,446,0.0
ti:269715183,1,679,chr20,40276126,40275448,9,0,98.675,670,679,679,0.0
ti:271099057,1,615,chr11,121968630,121968019,3,2,98.701,608,616,615,0.0
ti:269729200,1,724,chr11,61068209,61068934,11,2,98.209,713,726,724,0.0
ti:269770991,2,586,chr11,117359124,117359712,8,1,97.963,577,589,589,0.0
ti:271424503,27,676,chr13,68777864,68778513,10,0,98.462,640,650,676,0.0
ti:269773045,1,670,chr20,22743519,22742848,18,7,95.280,646,678,670,0.0
ti:269939894,1,649,chr7,153023751,153024373,22,2,92.308,600,650,649,0.0
ti:270527688,387,808,chr16,30940782,30941203,3,0,99.289,419,422,808,0.0
ti:269719840,1,710,chr6,152414493,152415202,12,0,98.310,698,710,710,0.0
ti:269880400,1,844,chr9,88081,87238,12,2,98.343,831,845,844,0.0
ti:270048850,1,515,chr19,32049433,32048919,10,0,98.058,505,515,515,0.0
ti:271253818,1,669,chr7,57713993,57713325,76,0,88.640,593,669,672,0.0
ti:269913105,96,360,chr16,22155053,22154789,7,0,97.358,258,265,360,4.29e-121
ti:269719555,1,754,chr5,116740042,116740797,16,2,97.619,738,756,754,0.0
ti:270893068,1,600,chr3,20549126,20549725,5,0,99.167,595,600,600,0.0
ti:270897064,1,572,chrX,154544304,154544875,8,0,98.601,564,572,572,0.0
ti:271351589,1,659,chr11,11554548,11555207,5,3,98.790,653,661,659,0.0
ti:271421382,134,600,chr1,55137938,55138404,6,2,98.291,460,468,600,0.0
ti:270528254,1,575,chr8,79624209,79624783,12,2,97.569,562,576,575,0.0
ti:269882642,1,573,chr3,170493164,170492588,20,1,95.841,553,577,573,0.0
ti:270837325,1,662,chrY,26381357,26382032,20,4,94.970,642,676,662,0.0
ti:270752825,1,328,chr11,20982666,20982339,2,0,99.390,326,328,328,9.79e-162
ti:269927682,1,794,chr6,125237936,125237143,13,0,98.363,781,794,794,0.0
ti:270779300,1,701,chr7,22547194,22546468,14,4,94.231,686,728,701,0.0
ti:271098694,4,667,chr11,57803137,57803794,15,1,96.837,643,664,667,0.0
ti:271438455,1,396,chr22,23347032,23346637,25,0,93.687,371,396,396,5.47e-167
ti:270812115,1,641,chr22,23087141,23086501,9,0,98.596,632,641,641,0.0
ti:271066257,1,494,chr2,106230806,106230317,11,1,96.964,479,494,494,0.0
ti:269941151,1,660,chr6,3051145,3051803,13,1,97.879,646,660,660,0.0
ti:270217411,88,777,chr9,134769835,134770525,17,1,97.395,673,691,777,0.0
ti:270752078,1,692,chrUn_gl000220,105917,105210,28,7,92.968,661,711,692,0.0
ti:269786797,3,744,chr6,43247397,43246648,9,3,97.733,733,750,744,0.0
ti:269795501,99,675,chr13,105887583,105887005,7,3,98.103,569,580,675,0.0
ti:271446193,75,715,chr2,164540938,164540305,6,2,97.972,628,641,715,0.0
ti:269856646,1,647,chr5,43455190,43454542,10,2,98.151,637,649,650,0.0
ti:271403113,1,711,chr2,163747973,163747263,12,0,98.312,699,711,711,0.0
ti:269828965,21,702,chr7,102047370,102046690,7,1,98.827,674,682,702,0.0
ti:269942214,1,664,chr16,66994415,66995079,15,1,97.594,649,665,664,0.0
ti:271089764,4,671,chr20,39261049,39261716,8,0,98.802,660,668,671,0.0
ti:271458443,1,744,chr2,33246187,33246931,12,3,97.724,730,747,744,0.0
ti:270527095,73,862,chrX,63112598,63111808,19,1,97.472,771,791,862,0.0
ti:270841126,1,578,chr1,161500748,161500171,19,0,96.713,559,578,578,0.0
ti:269716271,1,690,chr2,83923414,83922727,10,4,97.974,677,691,690,0.0
ti:270191047,11,704,chr8,42637918,42637222,11,3,97.708,682,698,704,0.0
ti:269914309,1,718,chr6,163601978,163602708,36,3,93.033,681,732,718,0.0
ti:269882230,1,824,chr8,124465687,124466510,18,0,97.816,806,824,824,0.0
ti:270215668,93,715,chr4,71995613,71994988,15,2,96.810,607,627,715,0.0
ti:269799512,5,765,chr8,132852676,132853426,10,2,97.372,741,761,765,0.0
ti:269790691,1,720,chr13,49152809,49153528,13,0,98.194,707,720,720,0.0
ti:269735770,1,724,chr2,69717929,69717207,18,1,97.376,705,724,726,0.0
ti:270919143,1,625,chr4,188584872,188584246,10,2,98.086,615,627,625,0.0
ti:270531230,1,675,chr10,56468046,56467372,27,2,95.710,647,676,675,0.0
ti:270825324,5,711,chr3,60875031,60874325,17,4,97.038,688,709,711,0.0
ti:270940876,2,645,chr18,30336478,30337121,8,0,98.758,636,644,645,0.0
ti:271071713,1,600,chr17,28466958,28466358,6,1,98.835,594,601,600,0.0
ti:271348151,1,683,chr1,63874508,63875190,9,0,98.682,674,683,683,0.0
ti:271419769,80,741,chr5,124696911,124696250,12,2,97.888,649,663,741,0.0
ti:271462542,1,546,chr5,158425541,158424996,7,0,98.718,539,546,546,0.0
ti:270540672,1,118,chrUn_gl000225,5899,6015,24,5,74.380,90,121,118,5.73e-09
ti:271456277,1,826,chr3,86399519,86398696,11,2,98.426,813,826,826,0.0
ti:270531164,140,433,chr11,122579301,122579009,24,5,88.926,265,298,490,4.09e-100
ti:269895065,1,553,chr6,23210306,23210858,33,0,94.033,520,553,556,0.0
ti:271465226,15,571,chr9,107446995,107447560,17,7,94.376,537,569,571,0.0
ti:271107393,1,637,chr6,106825054,106824417,15,1,97.492,622,638,637,0.0
ti:269828904,1,671,chr7,102043708,102044377,5,1,99.106,665,671,671,0.0
ti:269923635,92,865,chr6,144104142,144103369,10,0,98.708,764,774,865,0.0
ti:270125098,255,652,chr4,27237987,27238394,4,3,95.610,392,410,652,0.0
ti:271352682,1,609,chr1,106413829,106413219,7,2,98.527,602,611,609,0.0
ti:269722060,1,678,chr4,171696751,171696071,10,2,98.091,668,681,678,0.0
ti:270525560,1,843,chr11,98260270,98261112,16,0,98.102,827,843,843,0.0
ti:271076033,1,749,chr1,190261746,190260998,7,0,99.065,742,749,749,0.0
ti:269829962,1,204,chr7,102021701,102021905,6,3,95.631,197,206,204,4.72e-85
ti:270195188,1,831,chr4,106967204,106966375,11,1,98.556,819,831,843,0.0
ti:269891258,32,757,chr11,21096631,21095905,23,3,96.429,702,728,757,0.0
ti:269789249,1,677,chr10,70058488,70059173,9,4,97.376,668,686,677,0.0
ti:269853841,5,633,chr6,21798162,21797526,32,6,93.114,595,639,633,0.0
ti:269837103,1,546,chr6,90165606,90166151,8,0,98.535,538,546,547,0.0
ti:269891964,68,798,chr2,35326826,35327555,19,1,97.264,711,731,798,0.0
ti:269921200,83,697,chr1,86109872,86109259,20,1,96.585,594,615,697,0.0
ti:269895354,35,540,chr2,178034077,178034582,9,0,98.221,497,506,540,0.0
ti:270536723,2,808,chrUn_gl000221,140715,139909,26,0,96.778,781,807,808,0.0
ti:269804492,1,677,chrX,57623370,57622690,7,1,98.385,670,681,677,0.0
ti:270468791,2,723,chr15,63137022,63136299,8,3,98.345,713,725,723,0.0
ti:270027949,1,641,chr6,48933458,48934095,17,3,96.573,620,642,643,0.0
ti:270831234,2,695,chr3,154322672,154323359,8,1,97.983,680,694,695,0.0
ti:271401096,1,368,chr1,157407885,157408241,11,3,90.400,339,375,368,3.54e-138
ti:270983850,1,242,chr7,75195153,75195393,0,1,99.587,241,242,242,1.76e-116
ti:270754259,1,650,chr10,19426061,19425412,6,2,98.771,643,651,650,0.0
ti:270542426,87,160,chr12,7484404,7484331,8,0,89.189,66,74,160,2.09e-18
ti:270931923,3,671,chr6,123225973,123226641,20,0,97.010,649,669,676,0.0
ti:269747217,1,666,chr2,48964735,48964066,12,2,97.024,652,672,666,0.0
ti:269750685,1,697,chr11,89631399,89632096,9,1,98.567,688,698,697,0.0
ti:271082976,1,644,chr6,129296074,129296717,12,0,98.137,632,644,644,0.0
ti:269938499,1,657,chr12,665031,665688,13,1,97.872,644,658,657,0.0
ti:271456333,1,577,chr15,94202635,94203212,23,3,95.509,553,579,577,0.0
ti:271428726,1,529,chr7,55596688,55597214,20,1,95.841,507,529,529,0.0
ti:271411737,46,96,chrX,111224252,111224305,7,3,81.481,44,54,142,0.019
ti:269729423,6,716,chr9,15792453,15791742,18,1,97.331,693,712,716,0.0
ti:269937447,1,777,chr7,67635931,67635154,24,1,96.787,753,778,777,0.0
